StaffID,value,max_tax_rate,total tax paid,20% rate paid,40% rate paid,45% rate paid
1000,173197.95,45% rate,59114.07750000001,7540.0,29948.0,21626.077500000007
1001,166864.47999999998,45% rate,56264.01599999999,7540.0,29948.0,18776.015999999992
1007,27969.520000000004,20% rate,-5840.287999999999,3079.904000000001,-8920.192,0.0
1010,111033.29,40% rate,31845.316,7540.0,24305.316,0.0
1012,115739.53000000001,40% rate,33727.812000000005,7540.0,26187.812000000005,0.0
1015,82809.80000000002,40% rate,20555.920000000006,7540.0,13015.920000000007,0.0
1016,115263.64999999997,40% rate,33537.45999999999,7540.0,25997.45999999999,0.0
1022,73183.29000000001,40% rate,16705.316000000006,7540.0,9165.316000000004,0.0
1023,88735.89,40% rate,22926.356,7540.0,15386.356,0.0
1024,121079.03000000001,40% rate,35863.61200000001,7540.0,28323.61200000001,0.0
1025,177461.52,45% rate,61032.683999999994,7540.0,29948.0,23544.683999999997
1026,80955.64000000001,40% rate,19814.25600000001,7540.0,12274.256000000007,0.0
1027,73328.14,40% rate,16763.256,7540.0,9223.256,0.0
1030,27611.88,20% rate,-6054.871999999999,3008.376,-9063.248,0.0
1032,199202.05,45% rate,70815.92249999999,7540.0,29948.0,33327.92249999999
1033,192980.23,45% rate,68016.1035,7540.0,29948.0,30528.103500000005
1034,144502.01,45% rate,46200.904500000004,7540.0,29948.0,8712.904500000004
1036,202416.24000000002,45% rate,72262.30800000002,7540.0,29948.0,34774.30800000001
1041,167224.82000000004,45% rate,56426.169000000016,7540.0,29948.0,18938.169000000016
1042,124078.29999999997,40% rate,37063.31999999999,7540.0,29523.319999999992,0.0
1043,139467.50000000003,45% rate,43935.375000000015,7540.0,29948.0,6447.375000000014
1044,114106.87000000001,40% rate,33074.74800000001,7540.0,25534.748000000007,0.0
1050,35818.14,20% rate,-1131.116000000001,4649.628,-5780.744000000001,0.0
1052,94853.20000000001,40% rate,25373.280000000006,7540.0,17833.280000000006,0.0
1054,117861.59,40% rate,34576.636,7540.0,27036.636,0.0
1055,190298.93999999997,45% rate,66809.52299999999,7540.0,29948.0,29321.52299999999
1057,75584.83,40% rate,17665.932,7540.0,10125.932,0.0
1058,124332.10999999999,40% rate,37164.844,7540.0,29624.843999999997,0.0
1060,86985.90000000001,40% rate,22226.360000000004,7540.0,14686.360000000004,0.0
1062,41484.62,20% rate,2268.7720000000018,5782.924000000001,-3514.151999999999,0.0
1063,122353.06,40% rate,36373.224,7540.0,28833.224000000002,0.0
1065,191029.60000000003,45% rate,67138.32000000002,7540.0,29948.0,29650.320000000018
1072,157186.84,45% rate,51909.078,7540.0,29948.0,14421.078
1073,145566.33,45% rate,46679.84849999999,7540.0,29948.0,9191.848499999995
1074,153292.13999999998,45% rate,50156.462999999996,7540.0,29948.0,12668.462999999994
1076,36238.45,20% rate,-878.9300000000021,4733.69,-5612.620000000002,0.0
1077,167418.58,45% rate,56513.36099999999,7540.0,29948.0,19025.360999999994
1081,168706.68,45% rate,57093.005999999994,7540.0,29948.0,19605.005999999998
1082,65714.25,40% rate,13717.7,7540.0,6177.700000000001,0.0
1085,26941.5,20% rate,-6457.099999999999,2874.3,-9331.4,0.0
1086,14061.509999999998,20% rate,-14185.094000000003,298.3019999999997,-14483.396000000002,0.0
1087,181285.61,45% rate,62753.5245,7540.0,29948.0,25265.524499999996
1089,122534.51999999999,40% rate,36445.808,7540.0,28905.807999999997,0.0
1092,98903.71,40% rate,26993.484000000004,7540.0,19453.484000000004,0.0
1094,51082.34999999999,40% rate,7864.939999999997,7540.0,324.93999999999653,0.0
1096,87449.75,40% rate,22411.9,7540.0,14871.900000000001,0.0
1106,81232.40999999997,40% rate,19924.963999999993,7540.0,12384.96399999999,0.0
1109,73755.92,40% rate,16934.368000000002,7540.0,9394.368,0.0
1110,125507.89999999998,45% rate,37653.55499999999,7540.0,29948.0,165.55499999999083
1111,159512.89,45% rate,52955.800500000005,7540.0,29948.0,15467.800500000007
1112,153295.97999999998,45% rate,50158.19099999999,7540.0,29948.0,12670.190999999992
1114,160094.59000000003,45% rate,53217.56550000001,7540.0,29948.0,15729.565500000012
1124,118334.49,40% rate,34765.796,7540.0,27225.796000000002,0.0
1127,129149.95,45% rate,39292.4775,7540.0,29948.0,1804.4774999999988
1129,94177.72999999998,40% rate,25103.091999999993,7540.0,17563.091999999993,0.0
1131,26076.909999999996,20% rate,-6975.854000000003,2701.3819999999996,-9677.236000000003,0.0
1133,93097.37000000001,40% rate,24670.948000000004,7540.0,17130.948000000004,0.0
1134,41242.13,20% rate,2123.2779999999984,5734.4259999999995,-3611.148000000001,0.0
1138,149749.31,45% rate,48562.1895,7540.0,29948.0,11074.189499999999
1139,188543.5,45% rate,66019.575,7540.0,29948.0,28531.575
1140,149960.10999999996,45% rate,48657.04949999998,7540.0,29948.0,11169.049499999981
1142,64523.45999999999,40% rate,13241.383999999998,7540.0,5701.383999999997,0.0
1146,107295.73000000001,40% rate,30350.292000000005,7540.0,22810.292000000005,0.0
1147,192108.16999999998,45% rate,67623.6765,7540.0,29948.0,30135.676499999994
1151,77552.23000000001,40% rate,18452.892000000007,7540.0,10912.892000000005,0.0
1152,88558.29,40% rate,22855.316,7540.0,15315.315999999999,0.0
1153,79972.85999999999,40% rate,19421.143999999993,7540.0,11881.143999999995,0.0
1157,80678.91,40% rate,19703.564000000002,7540.0,12163.564000000002,0.0
1162,110332.57,40% rate,31565.028000000006,7540.0,24025.028000000006,0.0
1166,92260.9,40% rate,24336.359999999997,7540.0,16796.359999999997,0.0
1168,110605.54999999999,40% rate,31674.219999999998,7540.0,24134.219999999998,0.0
1170,48438.36,20% rate,6441.0160000000005,7173.6720000000005,-732.6559999999998,0.0
1173,75032.96,40% rate,17445.184,7540.0,9905.184000000003,0.0
1175,150675.37,45% rate,48978.9165,7540.0,29948.0,11490.916499999998
1185,151887.19,45% rate,49524.2355,7540.0,29948.0,12036.2355
1186,117462.50999999998,40% rate,34417.00399999999,7540.0,26877.003999999994,0.0
1188,144117.96,45% rate,46028.081999999995,7540.0,29948.0,8540.081999999997
1194,83234.72,40% rate,20725.888,7540.0,13185.888,0.0
1198,72693.67,40% rate,16509.468,7540.0,8969.467999999999,0.0
1202,189307.34,45% rate,66363.303,7540.0,29948.0,28875.303
1204,35218.05,20% rate,-1491.1699999999983,4529.610000000001,-6020.779999999999,0.0
1206,147504.35,45% rate,47551.957500000004,7540.0,29948.0,10063.957500000002
1207,156569.30000000002,45% rate,51631.18500000001,7540.0,29948.0,14143.185000000009
1208,59537.68000000001,40% rate,11247.072000000004,7540.0,3707.0720000000033,0.0
1213,143386.81,45% rate,45699.0645,7540.0,29948.0,8211.064499999999
1220,30042.47,20% rate,-4596.517999999999,3494.4940000000006,-8091.012,0.0
1221,133195.62999999998,45% rate,41113.03349999999,7540.0,29948.0,3625.033499999989
1222,132344.90999999997,45% rate,40730.20949999999,7540.0,29948.0,3242.2094999999886
1225,52022.509999999995,40% rate,8241.003999999997,7540.0,701.003999999998,0.0
1228,41426.52999999999,20% rate,2233.917999999995,5771.305999999999,-3537.3880000000036,0.0
1232,181794.68999999997,45% rate,62982.61049999999,7540.0,29948.0,25494.610499999988
1239,179765.04,45% rate,62069.268000000004,7540.0,29948.0,24581.268000000004
1243,145415.62999999998,45% rate,46612.03349999999,7540.0,29948.0,9124.033499999989
1244,169801.37999999998,45% rate,57585.620999999985,7540.0,29948.0,20097.62099999999
1246,142464.0,45% rate,45283.8,7540.0,29948.0,7795.8
1248,96283.79,40% rate,25945.516,7540.0,18405.516,0.0
1251,71394.64,40% rate,15989.856,7540.0,8449.856,0.0
1252,44776.06999999999,20% rate,4243.641999999996,6441.213999999999,-2197.5720000000033,0.0
1255,166057.08999999997,45% rate,55900.69049999998,7540.0,29948.0,18412.690499999986
1258,62898.20999999999,40% rate,12591.283999999996,7540.0,5051.283999999997,0.0
1259,119090.63,40% rate,35068.25200000001,7540.0,27528.252000000004,0.0
1262,59313.05,40% rate,11157.220000000001,7540.0,3617.220000000001,0.0
1268,158963.43,45% rate,52708.5435,7540.0,29948.0,15220.543499999998
1272,194645.32000000004,45% rate,68765.39400000001,7540.0,29948.0,31277.39400000002
1277,141137.05,45% rate,44686.67249999999,7540.0,29948.0,7198.672499999995
1280,13610.330000000002,20% rate,-14455.802,208.06600000000037,-14663.868,0.0
1282,65912.87,40% rate,13797.147999999997,7540.0,6257.147999999998,0.0
1284,156131.81,45% rate,51434.3145,7540.0,29948.0,13946.314499999999
1285,41350.65,20% rate,2188.3900000000012,5756.130000000001,-3567.74,0.0
1286,42349.969999999994,20% rate,2787.9819999999963,5955.993999999999,-3168.0120000000024,0.0
1287,198031.75000000003,45% rate,70289.2875,7540.0,29948.0,32801.28750000001
1292,103215.29999999999,40% rate,28718.119999999995,7540.0,21178.119999999995,0.0
1293,30175.090000000004,20% rate,-4516.945999999998,3521.018000000001,-8037.963999999999,0.0
1296,145496.84,45% rate,46648.578,7540.0,29948.0,9160.578
1297,58742.09,40% rate,10928.836,7540.0,3388.835999999999,0.0
1307,57702.72000000001,40% rate,10513.088000000003,7540.0,2973.0880000000034,0.0
1310,158200.18000000002,45% rate,52365.08100000001,7540.0,29948.0,14877.081000000011
1313,173259.16999999998,45% rate,59141.6265,7540.0,29948.0,21653.626499999995
1321,98253.09,40% rate,26733.236,7540.0,19193.236,0.0
1323,77411.59,40% rate,18396.636,7540.0,10856.635999999999,0.0
1325,124835.72,40% rate,37366.288,7540.0,29826.288,0.0
1327,60818.600000000006,40% rate,11759.440000000002,7540.0,4219.440000000002,0.0
1328,131983.61000000002,45% rate,40567.624500000005,7540.0,29948.0,3079.6245000000067
1331,134936.51,45% rate,41896.429500000006,7540.0,29948.0,4408.429500000005
1334,188019.31999999998,45% rate,65783.69399999999,7540.0,29948.0,28295.693999999992
1336,190542.16999999998,45% rate,66918.97649999999,7540.0,29948.0,29430.976499999993
1337,89376.09999999999,40% rate,23182.439999999995,7540.0,15642.439999999997,0.0
1339,96427.35,40% rate,26002.940000000002,7540.0,18462.940000000002,0.0
1340,33770.85,20% rate,-2359.4900000000007,4240.17,-6599.660000000001,0.0
1342,167681.71,45% rate,56631.769499999995,7540.0,29948.0,19143.7695
1344,40200.619999999995,20% rate,1498.3719999999976,5526.124,-4027.752000000002,0.0
1346,130903.91,45% rate,40081.7595,7540.0,29948.0,2593.7595000000015
1347,48773.14,20% rate,6641.884,7240.628000000001,-598.7440000000003,0.0
1352,78842.92,40% rate,18969.167999999998,7540.0,11429.168,0.0
1357,49377.70999999999,20% rate,7004.625999999996,7361.541999999999,-356.9160000000033,0.0
1368,46319.03999999999,20% rate,5169.423999999996,6749.807999999999,-1580.3840000000027,0.0
1369,65195.700000000004,40% rate,13510.280000000002,7540.0,5970.2800000000025,0.0
1370,181272.65999999995,45% rate,62747.69699999997,7540.0,29948.0,25259.696999999975
1371,175931.4,45% rate,60344.13,7540.0,29948.0,22856.129999999997
1375,91499.53,40% rate,24031.812,7540.0,16491.812,0.0
1376,75110.31,40% rate,17476.124,7540.0,9936.124,0.0
1381,37158.99999999999,20% rate,-326.600000000004,4917.799999999999,-5244.400000000003,0.0
1383,44400.24,20% rate,4018.143999999999,6366.048,-2347.904000000001,0.0
1392,112986.59999999999,40% rate,32626.64,7540.0,25086.64,0.0
1393,170722.78999999998,45% rate,58000.25549999999,7540.0,29948.0,20512.255499999992
1394,136230.5,45% rate,42478.725,7540.0,29948.0,4990.725
1396,41852.8,20% rate,2489.680000000002,5856.560000000001,-3366.879999999999,0.0
1397,131266.49,45% rate,40244.92049999999,7540.0,29948.0,2756.920499999996
1398,96864.74000000002,40% rate,26177.896000000008,7540.0,18637.896000000008,0.0
1402,190843.64,45% rate,67054.638,7540.0,29948.0,29566.638000000006
1411,36829.18,20% rate,-524.4920000000002,4851.836,-5376.328,0.0
1414,129347.77,45% rate,39381.4965,7540.0,29948.0,1893.4965000000018
1417,119709.72999999998,40% rate,35315.89199999999,7540.0,27775.891999999993,0.0
1421,91709.37,40% rate,24115.748,7540.0,16575.748,0.0
1422,163852.93,45% rate,54908.818499999994,7540.0,29948.0,17420.818499999998
1423,81786.32999999999,40% rate,20146.531999999996,7540.0,12606.531999999996,0.0
1430,78173.98,40% rate,18701.591999999997,7540.0,11161.591999999999,0.0
1438,116499.24000000002,40% rate,34031.69600000001,7540.0,26491.69600000001,0.0
1442,114305.95,40% rate,33154.380000000005,7540.0,25614.38,0.0
1444,167530.28,45% rate,56563.626000000004,7540.0,29948.0,19075.626
1445,151611.77000000005,45% rate,49400.296500000026,7540.0,29948.0,11912.296500000022
1455,89973.23000000001,40% rate,23421.292000000005,7540.0,15881.292000000005,0.0
1458,126943.34,45% rate,38299.503,7540.0,29948.0,811.5029999999985
1459,128456.0,45% rate,38980.2,7540.0,29948.0,1492.2
1467,26353.72,20% rate,-6809.768,2756.7440000000006,-9566.512,0.0
1468,139928.28000000003,45% rate,44142.72600000001,7540.0,29948.0,6654.726000000012
1470,97448.97,40% rate,26411.588,7540.0,18871.588,0.0
1471,38365.28,20% rate,397.16799999999967,5159.0560000000005,-4761.888000000001,0.0
1472,46179.58999999999,20% rate,5085.7539999999935,6721.917999999998,-1636.1640000000043,0.0
1476,26759.9,20% rate,-6566.059999999999,2837.9800000000005,-9404.039999999999,0.0
1478,151002.81999999998,45% rate,49126.26899999999,7540.0,29948.0,11638.268999999991
1479,32503.21,20% rate,-3120.0740000000005,3986.642,-7106.716,0.0
1481,130781.21999999999,45% rate,40026.54899999999,7540.0,29948.0,2538.548999999994
1483,142213.72,45% rate,45171.174,7540.0,29948.0,7683.174000000001
1489,18035.14,20% rate,-11800.916000000001,1093.028,-12893.944000000001,0.0
1491,67385.67,40% rate,14386.268,7540.0,6846.268,0.0
1492,54724.17999999999,40% rate,9321.671999999997,7540.0,1781.6719999999973,0.0
1493,31139.809999999994,20% rate,-3938.1140000000037,3713.961999999999,-7652.076000000003,0.0
1494,132428.78,45% rate,40767.951,7540.0,29948.0,3279.9509999999996
1496,95863.50999999998,40% rate,25777.40399999999,7540.0,18237.40399999999,0.0
1497,132424.80999999997,45% rate,40766.164499999984,7540.0,29948.0,3278.1644999999858
1499,115822.93000000002,40% rate,33761.172000000006,7540.0,26221.17200000001,0.0
1501,185473.85000000003,45% rate,64638.23250000001,7540.0,29948.0,27150.232500000016
1504,22264.07,20% rate,-9263.558,1938.814,-11202.372000000001,0.0
1505,177313.4,45% rate,60966.03,7540.0,29948.0,23478.03
1507,80874.71000000002,40% rate,19781.88400000001,7540.0,12241.88400000001,0.0
1509,35725.950000000004,20% rate,-1186.4299999999976,4631.190000000001,-5817.619999999999,0.0
1510,29249.250000000007,20% rate,-5072.449999999995,3335.8500000000017,-8408.299999999997,0.0
1514,81824.26,40% rate,20161.703999999998,7540.0,12621.703999999998,0.0
1515,24269.710000000003,20% rate,-8060.173999999999,2339.9420000000005,-10400.116,0.0
1516,35629.77000000001,20% rate,-1244.1379999999936,4611.954000000002,-5856.091999999996,0.0
1519,108441.9,40% rate,30808.76,7540.0,23268.76,0.0
1520,164689.7,45% rate,55285.365000000005,7540.0,29948.0,17797.365000000005
1521,97028.25,40% rate,26243.3,7540.0,18703.3,0.0
1524,127441.73000000001,45% rate,38523.77850000001,7540.0,29948.0,1035.7785000000047
1525,51106.85,40% rate,7874.74,7540.0,334.73999999999944,0.0
1526,43711.88,20% rate,3605.127999999999,6228.376,-2623.2480000000014,0.0
1527,89835.52,40% rate,23366.208000000002,7540.0,15826.208000000002,0.0
1530,20802.01,20% rate,-10140.794000000002,1646.4019999999998,-11787.196000000002,0.0
1533,164541.45,45% rate,55218.65250000001,7540.0,29948.0,17730.652500000007
1536,83122.53000000001,40% rate,20681.012000000006,7540.0,13141.012000000006,0.0
1537,134248.23000000004,45% rate,41586.70350000002,7540.0,29948.0,4098.703500000018
1538,119868.93,40% rate,35379.572,7540.0,27839.572,0.0
1543,130118.34,45% rate,39728.253,7540.0,29948.0,2240.2529999999983
1546,14973.780000000002,20% rate,-13637.732,480.75600000000054,-14118.488000000001,0.0
1547,129792.86999999998,45% rate,39581.79149999999,7540.0,29948.0,2093.7914999999916
1548,103192.34,40% rate,28708.936,7540.0,21168.936,0.0
1549,79319.29000000001,40% rate,19159.716000000004,7540.0,11619.716000000004,0.0
1554,196219.44000000003,45% rate,69473.74800000002,7540.0,29948.0,31985.748000000014
1556,166750.91000000003,45% rate,56212.909500000016,7540.0,29948.0,18724.909500000016
1560,17587.83,20% rate,-12069.302,1003.5660000000004,-13072.868,0.0
1564,150841.41,45% rate,49053.6345,7540.0,29948.0,11565.634500000002
1568,81819.35,40% rate,20159.740000000005,7540.0,12619.740000000003,0.0
1577,28771.410000000003,20% rate,-5359.153999999999,3240.282000000001,-8599.436,0.0
1582,35525.84,20% rate,-1306.496000000002,4591.168,-5897.664000000002,0.0
1583,113045.13999999998,40% rate,32650.055999999997,7540.0,25110.055999999997,0.0
1585,151371.97,45% rate,49292.3865,7540.0,29948.0,11804.3865
1586,86602.47,40% rate,22072.988,7540.0,14532.988000000001,0.0
1587,102197.01999999999,40% rate,28310.807999999997,7540.0,20770.807999999997,0.0
1588,26926.280000000002,20% rate,-6466.231999999998,2871.2560000000008,-9337.488,0.0
1590,103016.93,40% rate,28638.771999999997,7540.0,21098.771999999997,0.0
1595,124870.72,40% rate,37380.288,7540.0,29840.288,0.0
1596,75106.59,40% rate,17474.636,7540.0,9934.635999999999,0.0
1597,103921.16999999998,40% rate,29000.467999999993,7540.0,21460.467999999993,0.0
1600,178995.95999999996,45% rate,61723.181999999986,7540.0,29948.0,24235.181999999983
1601,63953.99999999999,40% rate,13013.599999999999,7540.0,5473.599999999998,0.0
1602,106564.99000000002,40% rate,30057.99600000001,7540.0,22517.99600000001,0.0
1603,190086.0,45% rate,66713.7,7540.0,29948.0,29225.7
1604,117777.61999999997,40% rate,34543.04799999999,7540.0,27003.047999999988,0.0
1606,105955.04000000002,40% rate,29814.01600000001,7540.0,22274.01600000001,0.0
1608,112265.31,40% rate,32338.124,7540.0,24798.124,0.0
1609,123789.30999999998,40% rate,36947.723999999995,7540.0,29407.723999999995,0.0
1611,28832.740000000005,20% rate,-5322.355999999998,3252.548000000001,-8574.903999999999,0.0
1612,45890.37000000001,20% rate,4912.222000000006,6664.074000000002,-1751.8519999999962,0.0
1613,197157.06,45% rate,69895.677,7540.0,29948.0,32407.677
1614,21577.46,20% rate,-9675.524000000001,1801.492,-11477.016000000001,0.0
1615,103756.94999999998,40% rate,28934.779999999995,7540.0,21394.779999999995,0.0
1617,193975.98,45% rate,68464.191,7540.0,29948.0,30976.191000000006
1618,49835.34,20% rate,7279.203999999998,7453.067999999999,-173.8640000000014,0.0
1623,95325.99999999999,40% rate,25562.399999999994,7540.0,18022.399999999994,0.0
1626,162680.99,45% rate,54381.4455,7540.0,29948.0,16893.445499999998
1630,155878.32,45% rate,51320.244000000006,7540.0,29948.0,13832.244000000004
1633,142298.54,45% rate,45209.343,7540.0,29948.0,7721.3430000000035
1634,117858.94999999998,40% rate,34575.579999999994,7540.0,27035.579999999994,0.0
1636,32503.93,20% rate,-3119.642,3986.786,-7106.428,0.0
1638,191845.68,45% rate,67505.556,7540.0,29948.0,30017.555999999997
1639,46723.96,20% rate,5412.376,6830.792,-1418.4160000000004,0.0
1642,142557.22000000003,45% rate,45325.74900000001,7540.0,29948.0,7837.749000000013
1643,72401.13,40% rate,16392.452000000005,7540.0,8852.452000000003,0.0
1644,80381.17000000001,40% rate,19584.468000000008,7540.0,12044.468000000006,0.0
1645,144910.09999999998,45% rate,46384.54499999999,7540.0,29948.0,8896.54499999999
1647,13335.199999999999,20% rate,-14620.880000000003,153.0399999999998,-14773.920000000002,0.0
1650,109927.29999999999,40% rate,31402.92,7540.0,23862.92,0.0
1651,194883.9,45% rate,68872.755,7540.0,29948.0,31384.754999999997
1657,105906.5,40% rate,29794.600000000002,7540.0,22254.600000000002,0.0
1663,52615.1,40% rate,8478.039999999999,7540.0,938.0399999999995,0.0
1667,154810.41,45% rate,50839.6845,7540.0,29948.0,13351.684500000001
1669,89039.54000000001,40% rate,23047.816000000006,7540.0,15507.816000000004,0.0
1670,182674.44,45% rate,63378.49800000001,7540.0,29948.0,25890.498000000003
1671,32401.870000000003,20% rate,-3180.877999999999,3966.3740000000007,-7147.2519999999995,0.0
1672,186479.97000000006,45% rate,65090.98650000003,7540.0,29948.0,27602.986500000028
1674,60294.159999999996,40% rate,11549.663999999999,7540.0,4009.663999999999,0.0
1679,135434.28,45% rate,42120.426,7540.0,29948.0,4632.4259999999995
1680,133665.14,45% rate,41324.31300000001,7540.0,29948.0,3836.3130000000065
1681,153392.58000000002,45% rate,50201.66100000001,7540.0,29948.0,12713.661000000007
1692,87860.65,40% rate,22576.26,7540.0,15036.259999999998,0.0
1701,102302.61,40% rate,28353.044,7540.0,20813.044,0.0
1702,42177.66,20% rate,2684.5960000000023,5921.532000000001,-3236.935999999999,0.0
1703,173868.37,45% rate,59415.7665,7540.0,29948.0,21927.766499999998
1709,48651.200000000004,20% rate,6568.720000000003,7216.240000000002,-647.5199999999983,0.0
1711,143931.2,45% rate,45944.04000000001,7540.0,29948.0,8456.040000000006
1718,155106.88,45% rate,50973.096000000005,7540.0,29948.0,13485.096000000003
1720,194414.59999999998,45% rate,68661.56999999999,7540.0,29948.0,31173.56999999999
1721,130548.27999999998,45% rate,39921.725999999995,7540.0,29948.0,2433.725999999993
1722,108354.81999999998,40% rate,30773.927999999993,7540.0,23233.927999999993,0.0
1724,68603.92,40% rate,14873.568,7540.0,7333.567999999999,0.0
1728,55672.22000000001,40% rate,9700.888000000003,7540.0,2160.8880000000036,0.0
1730,80466.87000000001,40% rate,19618.748000000007,7540.0,12078.748000000005,0.0
1732,118170.17,40% rate,34700.068,7540.0,27160.068,0.0
1733,164194.57,45% rate,55062.556500000006,7540.0,29948.0,17574.556500000002
1738,106394.68000000001,40% rate,29989.872000000003,7540.0,22449.872000000003,0.0
1739,114505.62,40% rate,33234.248,7540.0,25694.248,0.0
1747,64080.54,40% rate,13064.216,7540.0,5524.216,0.0
1754,16359.669999999998,20% rate,-12806.198000000002,757.9339999999997,-13564.132000000001,0.0
1755,95180.11,40% rate,25504.044,7540.0,17964.044,0.0
1756,66031.91999999998,40% rate,13844.767999999993,7540.0,6304.767999999994,0.0
1757,153480.13999999998,45% rate,50241.062999999995,7540.0,29948.0,12753.062999999993
1759,19394.64,20% rate,-10985.216,1364.9279999999999,-12350.144,0.0
1760,159324.73,45% rate,52871.128500000006,7540.0,29948.0,15383.128500000004
1762,158466.04,45% rate,52484.71800000001,7540.0,29948.0,14996.718000000004
1764,59389.18,40% rate,11187.672,7540.0,3647.6720000000005,0.0
1766,179575.50000000003,45% rate,61983.97500000001,7540.0,29948.0,24495.975000000013
1767,84903.24,40% rate,21393.296000000002,7540.0,13853.296000000002,0.0
1768,42932.17,20% rate,3137.301999999999,6072.434,-2935.132000000001,0.0
1769,173067.69999999998,45% rate,59055.465,7540.0,29948.0,21567.464999999993
1773,76485.74,40% rate,18026.296000000002,7540.0,10486.296000000002,0.0
1774,59521.19,40% rate,11240.476,7540.0,3700.476000000001,0.0
1777,123029.29000000001,40% rate,36643.716,7540.0,29103.716000000004,0.0
1779,149030.28000000003,45% rate,48238.62600000001,7540.0,29948.0,10750.626000000013
1784,36407.64,20% rate,-777.4160000000002,4767.528,-5544.944,0.0
1786,176204.73,45% rate,60467.128500000006,7540.0,29948.0,22979.128500000006
1787,156248.01,45% rate,51486.6045,7540.0,29948.0,13998.604500000005
1790,29517.06,20% rate,-4911.763999999999,3389.4120000000003,-8301.176,0.0
1794,77827.08,40% rate,18562.832000000002,7540.0,11022.832000000002,0.0
1795,124591.84,40% rate,37268.736000000004,7540.0,29728.736,0.0
1797,101755.91,40% rate,28134.364,7540.0,20594.364,0.0
1798,120402.94,40% rate,35593.17600000001,7540.0,28053.176000000003,0.0
1799,182109.19,45% rate,63124.135500000004,7540.0,29948.0,25636.1355
1802,60162.73,40% rate,11497.092,7540.0,3957.0920000000015,0.0
1803,43907.59999999999,20% rate,3722.559999999995,6267.519999999999,-2544.9600000000037,0.0
1809,31192.510000000002,20% rate,-3906.493999999999,3724.5020000000004,-7630.995999999999,0.0
1810,94389.76000000001,40% rate,25187.904000000006,7540.0,17647.904000000006,0.0
1811,22616.13,20% rate,-9052.322,2009.2260000000003,-11061.548,0.0
1813,179082.65,45% rate,61762.1925,7540.0,29948.0,24274.192499999997
1814,166483.80000000002,45% rate,56092.71000000001,7540.0,29948.0,18604.71000000001
1815,21108.419999999995,20% rate,-9956.948000000004,1707.683999999999,-11664.632000000003,0.0
1819,186804.69999999998,45% rate,65237.11499999999,7540.0,29948.0,27749.114999999994
1821,16806.15,20% rate,-12538.310000000001,847.2300000000004,-13385.54,0.0
1822,154118.05,45% rate,50528.1225,7540.0,29948.0,13040.122499999996
1824,31635.470000000005,20% rate,-3640.717999999997,3813.094000000001,-7453.811999999998,0.0
1826,91641.15999999999,40% rate,24088.463999999996,7540.0,16548.463999999996,0.0
1828,172115.61,45% rate,58627.0245,7540.0,29948.0,21139.024499999996
1829,73208.09,40% rate,16715.235999999997,7540.0,9175.235999999999,0.0
1830,140374.2,45% rate,44343.39000000001,7540.0,29948.0,6855.390000000006
1831,23087.54,20% rate,-8769.476,2103.5080000000003,-10872.984,0.0
1835,64101.08,40% rate,13072.432,7540.0,5532.432000000001,0.0
1839,79315.17,40% rate,19158.068,7540.0,11618.068,0.0
1840,58997.850000000006,40% rate,11031.140000000003,7540.0,3491.1400000000026,0.0
1841,138567.96000000002,45% rate,43530.58200000001,7540.0,29948.0,6042.582000000009
1845,142600.87,45% rate,45345.3915,7540.0,29948.0,7857.391499999998
1846,31689.69,20% rate,-3608.1860000000006,3823.938,-7432.124000000001,0.0
1847,46392.29,20% rate,5213.374000000001,6764.4580000000005,-1551.0839999999998,0.0
1848,159738.55,45% rate,53057.347499999996,7540.0,29948.0,15569.347499999994
1849,59798.44,40% rate,11351.376,7540.0,3811.376000000001,0.0
1850,113413.51999999999,40% rate,32797.407999999996,7540.0,25257.407999999996,0.0
1856,195864.75000000003,45% rate,69314.13750000001,7540.0,29948.0,31826.137500000015
1861,96860.04,40% rate,26176.016,7540.0,18636.016,0.0
1866,149855.61,45% rate,48610.02449999999,7540.0,29948.0,11122.024499999994
1867,109368.47,40% rate,31179.388000000003,7540.0,23639.388000000003,0.0
1871,69255.41,40% rate,15134.164,7540.0,7594.164000000002,0.0
1873,99805.32999999999,40% rate,27354.131999999998,7540.0,19814.131999999998,0.0
1874,191452.79,45% rate,67328.7555,7540.0,29948.0,29840.755500000003
1875,98637.95000000001,40% rate,26887.180000000004,7540.0,19347.180000000004,0.0
1876,24284.789999999997,20% rate,-8051.126000000003,2342.9579999999996,-10394.084000000003,0.0
1877,162296.22999999998,45% rate,54208.303499999995,7540.0,29948.0,16720.30349999999
1878,13206.710000000003,20% rate,-14697.973999999998,127.34200000000055,-14825.315999999999,0.0
1879,97968.09999999999,40% rate,26619.239999999998,7540.0,19079.239999999998,0.0
1881,52943.28999999999,40% rate,8609.315999999997,7540.0,1069.3159999999975,0.0
1882,74122.68999999999,40% rate,17081.075999999994,7540.0,9541.075999999995,0.0
1885,48561.38999999999,20% rate,6514.833999999995,7198.277999999998,-683.4440000000031,0.0
1886,53845.79,40% rate,8970.316,7540.0,1430.3160000000005,0.0
1887,138100.36,45% rate,43320.162,7540.0,29948.0,5832.161999999994
1888,145271.99999999997,45% rate,46547.39999999999,7540.0,29948.0,9059.399999999987
1891,43633.340000000004,20% rate,3558.0040000000026,6212.6680000000015,-2654.663999999999,0.0
1892,71799.23,40% rate,16151.692,7540.0,8611.692,0.0
1896,40110.42,20% rate,1444.251999999999,5508.084,-4063.832000000001,0.0
1898,187990.32,45% rate,65770.644,7540.0,29948.0,28282.644000000004
1902,196153.58999999997,45% rate,69444.11549999999,7540.0,29948.0,31956.115499999985
1906,141320.58999999997,45% rate,44769.26549999999,7540.0,29948.0,7281.265499999986
1907,22413.909999999996,20% rate,-9173.654000000002,1968.7819999999992,-11142.436000000002,0.0
1908,22246.86,20% rate,-9273.884000000002,1935.3720000000003,-11209.256000000001,0.0
1909,47771.49,20% rate,6040.893999999998,7040.298,-999.4040000000009,0.0
1910,90804.14,40% rate,23753.656000000003,7540.0,16213.656,0.0
1911,103796.53,40% rate,28950.612,7540.0,21410.612,0.0
1912,78878.66,40% rate,18983.464,7540.0,11443.464000000002,0.0
1914,21527.2,20% rate,-9705.68,1791.4400000000003,-11497.12,0.0
1915,122382.65999999997,40% rate,36385.06399999999,7540.0,28845.06399999999,0.0
1916,41897.38999999999,20% rate,2516.4339999999956,5865.477999999999,-3349.0440000000035,0.0
1917,176285.34999999998,45% rate,60503.40749999999,7540.0,29948.0,23015.40749999999
1926,120441.43999999999,40% rate,35608.576,7540.0,28068.575999999997,0.0
1927,99752.94999999998,40% rate,27333.179999999993,7540.0,19793.179999999993,0.0
1928,189108.81000000003,45% rate,66273.96450000002,7540.0,29948.0,28785.964500000013
1929,61660.600000000006,40% rate,12096.240000000002,7540.0,4556.2400000000025,0.0
1930,151889.54,45% rate,49525.293000000005,7540.0,29948.0,12037.293000000003
1932,55653.119999999995,40% rate,9693.247999999998,7540.0,2153.2479999999982,0.0
1933,106742.82,40% rate,30129.128000000004,7540.0,22589.128000000004,0.0
1934,143868.04,45% rate,45915.618,7540.0,29948.0,8427.618000000004
1938,70864.23,40% rate,15777.692,7540.0,8237.692,0.0
1943,124077.56,40% rate,37063.024000000005,7540.0,29523.024,0.0
1945,146556.37,45% rate,47125.3665,7540.0,29948.0,9637.366499999998
1946,87618.18999999999,40% rate,22479.275999999998,7540.0,14939.275999999996,0.0
1947,95874.98000000001,40% rate,25781.992000000006,7540.0,18241.992000000006,0.0
1956,127095.65000000002,45% rate,38368.04250000001,7540.0,29948.0,880.0425000000105
1958,150410.03,45% rate,48859.5135,7540.0,29948.0,11371.5135
1960,102013.53,40% rate,28237.412,7540.0,20697.412,0.0
1961,53259.14,40% rate,8735.655999999999,7540.0,1195.6559999999997,0.0
1963,82008.64,40% rate,20235.456,7540.0,12695.456,0.0
1965,51073.37000000001,40% rate,7861.348000000004,7540.0,321.348000000004,0.0
1968,154318.35,45% rate,50618.25750000001,7540.0,29948.0,13130.257500000003
1971,136236.02000000002,45% rate,42481.20900000001,7540.0,29948.0,4993.209000000009
1973,141921.12,45% rate,45039.504,7540.0,29948.0,7551.503999999998
1977,145839.61,45% rate,46802.824499999995,7540.0,29948.0,9314.824499999993
1978,17134.850000000002,20% rate,-12341.089999999997,912.9700000000005,-13254.059999999998,0.0
1979,68255.61,40% rate,14734.244,7540.0,7194.244000000001,0.0
1983,32727.0,20% rate,-2985.8000000000006,4031.4,-7017.200000000001,0.0
1986,21408.54,20% rate,-9776.876,1767.7080000000003,-11544.584,0.0
1989,137628.61000000002,45% rate,43107.874500000005,7540.0,29948.0,5619.874500000007
1992,19454.01,20% rate,-10949.594000000001,1376.8019999999997,-12326.396,0.0
1998,38777.61,20% rate,644.5660000000007,5241.522000000001,-4596.956,0.0
2004,150301.16,45% rate,48810.522000000004,7540.0,29948.0,11322.522000000003
2009,100639.53000000001,40% rate,27687.812000000005,7540.0,20147.812000000005,0.0
2012,119187.82999999999,40% rate,35107.132,7540.0,27567.131999999998,0.0
2022,63795.409999999996,40% rate,12950.163999999999,7540.0,5410.163999999999,0.0
2024,62279.54,40% rate,12343.816,7540.0,4803.816000000001,0.0
2026,68258.22,40% rate,14735.288,7540.0,7195.2880000000005,0.0
2028,139169.38,45% rate,43801.221000000005,7540.0,29948.0,6313.221000000002
2029,168761.94,45% rate,57117.87300000001,7540.0,29948.0,19629.873000000003
2030,110025.68000000001,40% rate,31442.272000000004,7540.0,23902.272000000004,0.0
2035,116507.04,40% rate,34034.816,7540.0,26494.816,0.0
2038,51412.259999999995,40% rate,7996.903999999998,7540.0,456.90399999999795,0.0
2039,102451.54999999999,40% rate,28412.619999999995,7540.0,20872.619999999995,0.0
2045,107835.33,40% rate,30566.132,7540.0,23026.132,0.0
2048,172658.81000000003,45% rate,58871.46450000002,7540.0,29948.0,21383.464500000013
2051,50560.990000000005,40% rate,7656.3960000000025,7540.0,116.3960000000021,0.0
2052,147070.97000000003,45% rate,47356.93650000001,7540.0,29948.0,9868.936500000014
2054,150247.82,45% rate,48786.519,7540.0,29948.0,11298.519000000004
2055,103091.55999999997,40% rate,28668.62399999999,7540.0,21128.62399999999,0.0
2056,57811.90999999999,40% rate,10556.763999999996,7540.0,3016.7639999999956,0.0
2059,38560.4,20% rate,514.2400000000016,5198.080000000001,-4683.839999999999,0.0
2062,64628.89,40% rate,13283.556,7540.0,5743.5560000000005,0.0
2064,73983.74,40% rate,17025.496000000003,7540.0,9485.496000000003,0.0
2065,109244.51,40% rate,31129.804,7540.0,23589.804,0.0
2066,107059.16,40% rate,30255.664000000004,7540.0,22715.664000000004,0.0
2071,43403.41,20% rate,3420.046000000002,6166.682000000001,-2746.6359999999986,0.0
2075,99685.88,40% rate,27306.352000000003,7540.0,19766.352000000003,0.0
2077,68729.93,40% rate,14923.971999999998,7540.0,7383.971999999998,0.0
2078,175830.75999999995,45% rate,60298.841999999975,7540.0,29948.0,22810.84199999998
2082,130355.68,45% rate,39835.056,7540.0,29948.0,2347.055999999997
2084,64963.7,40% rate,13417.48,7540.0,5877.48,0.0
2089,57328.229999999996,40% rate,10363.291999999998,7540.0,2823.2919999999986,0.0
2091,118183.34000000003,40% rate,34705.33600000001,7540.0,27165.33600000001,0.0
2092,110703.04000000001,40% rate,31713.216000000004,7540.0,24173.216000000004,0.0
2094,126058.76,45% rate,37901.441999999995,7540.0,29948.0,413.4419999999977
2100,139397.05,45% rate,43903.67249999999,7540.0,29948.0,6415.672499999995
2101,118628.9,40% rate,34883.56,7540.0,27343.559999999998,0.0
2110,100104.40999999999,40% rate,27473.763999999996,7540.0,19933.763999999996,0.0
2113,188342.75,45% rate,65929.2375,7540.0,29948.0,28441.2375
2117,185541.85000000003,45% rate,64668.83250000002,7540.0,29948.0,27180.832500000015
2119,102289.56999999999,40% rate,28347.827999999998,7540.0,20807.827999999998,0.0
2122,47883.32000000001,20% rate,6107.992000000004,7062.664000000002,-954.6719999999973,0.0
2124,122329.63000000002,40% rate,36363.85200000001,7540.0,28823.85200000001,0.0
2129,120658.06999999999,40% rate,35695.228,7540.0,28155.228,0.0
2130,92677.38999999998,40% rate,24502.955999999995,7540.0,16962.955999999995,0.0
2131,194074.89,45% rate,68508.7005,7540.0,29948.0,31020.700500000006
2132,69810.56999999999,40% rate,15356.227999999997,7540.0,7816.227999999997,0.0
2133,189591.53,45% rate,66491.1885,7540.0,29948.0,29003.1885
2139,27652.95,20% rate,-6030.23,3016.59,-9046.82,0.0
2140,185642.92999999996,45% rate,64714.31849999998,7540.0,29948.0,27226.318499999983
2142,143210.99,45% rate,45619.945499999994,7540.0,29948.0,8131.945499999996
2149,64072.17999999999,40% rate,13060.871999999998,7540.0,5520.871999999998,0.0
2150,42632.8,20% rate,2957.680000000002,6012.560000000001,-3054.879999999999,0.0
2152,56727.810000000005,40% rate,10123.124000000002,7540.0,2583.124000000002,0.0
2155,150803.98,45% rate,49036.791000000005,7540.0,29948.0,11548.791000000005
2156,168789.85999999996,45% rate,57130.436999999976,7540.0,29948.0,19642.43699999998
2157,89780.29000000001,40% rate,23344.116,7540.0,15804.116000000004,0.0
2163,136932.67,45% rate,42794.7015,7540.0,29948.0,5306.701500000006
2165,48466.170000000006,20% rate,6457.702000000003,7179.234000000001,-721.5319999999979,0.0
2168,176379.05,45% rate,60545.572499999995,7540.0,29948.0,23057.572499999995
2169,154523.51999999996,45% rate,50710.58399999998,7540.0,29948.0,13222.583999999983
2172,189893.41,45% rate,66627.03450000001,7540.0,29948.0,29139.0345
2173,106291.02000000002,40% rate,29948.40800000001,7540.0,22408.40800000001,0.0
2177,146906.08000000002,45% rate,47282.736000000004,7540.0,29948.0,9794.736000000008
2178,105327.6,40% rate,29563.040000000005,7540.0,22023.040000000005,0.0
2179,184967.61,45% rate,64410.424499999994,7540.0,29948.0,26922.424499999994
2182,179123.24,45% rate,61780.458,7540.0,29948.0,24292.457999999995
2184,157019.54000000004,45% rate,51833.79300000002,7540.0,29948.0,14345.793000000018
2185,33109.31999999999,20% rate,-2756.408000000005,4107.863999999999,-6864.272000000004,0.0
2187,38470.37,20% rate,460.2220000000016,5180.0740000000005,-4719.851999999999,0.0
2189,23753.77,20% rate,-8369.738,2236.7540000000004,-10606.492,0.0
2190,100716.12,40% rate,27718.448,7540.0,20178.448,0.0
2192,77692.61,40% rate,18509.044,7540.0,10969.044000000002,0.0
2197,40325.49,20% rate,1573.293999999999,5551.098,-3977.804000000001,0.0
2198,21924.120000000003,20% rate,-9467.527999999998,1870.8240000000005,-11338.351999999999,0.0
2199,97655.92000000001,40% rate,26494.368000000006,7540.0,18954.368000000006,0.0
2202,192445.88,45% rate,67775.64600000001,7540.0,29948.0,30287.646000000004
2205,122824.49,40% rate,36561.796,7540.0,29021.796000000002,0.0
2210,161050.58,45% rate,53647.761,7540.0,29948.0,16159.760999999995
2212,59987.530000000006,40% rate,11427.012000000002,7540.0,3887.0120000000024,0.0
2213,53805.23999999999,40% rate,8954.095999999996,7540.0,1414.0959999999964,0.0
2214,67949.14,40% rate,14611.655999999999,7540.0,7071.656,0.0
2216,123741.40000000001,40% rate,36928.560000000005,7540.0,29388.560000000005,0.0
2217,86564.54999999997,40% rate,22057.819999999992,7540.0,14517.81999999999,0.0
2224,53400.42,40% rate,8792.168,7540.0,1252.1679999999994,0.0
2225,107886.56,40% rate,30586.624,7540.0,23046.624,0.0
2226,111014.73999999999,40% rate,31837.895999999997,7540.0,24297.895999999997,0.0
2227,82137.0,40% rate,20286.800000000003,7540.0,12746.800000000001,0.0
2228,24332.98,20% rate,-8022.212000000001,2352.596,-10374.808,0.0
2229,126821.64000000001,45% rate,38244.738000000005,7540.0,29948.0,756.7380000000063
2230,185659.71999999997,45% rate,64721.87399999999,7540.0,29948.0,27233.87399999999
2231,153603.62000000002,45% rate,50296.629000000015,7540.0,29948.0,12808.629000000012
2232,171020.12,45% rate,58134.054000000004,7540.0,29948.0,20646.054
2235,106340.08999999997,40% rate,29968.03599999999,7540.0,22428.03599999999,0.0
2239,96720.64000000001,40% rate,26120.256000000005,7540.0,18580.256000000005,0.0
2240,18714.96,20% rate,-11393.024000000001,1228.992,-12622.016000000001,0.0
2241,56676.51,40% rate,10102.604000000001,7540.0,2562.604000000001,0.0
2244,25114.379999999997,20% rate,-7553.372000000001,2508.8759999999997,-10062.248000000001,0.0
2245,56684.61,40% rate,10105.844000000001,7540.0,2565.8440000000005,0.0
2246,162949.95,45% rate,54502.47750000001,7540.0,29948.0,17014.477500000005
2247,17847.450000000004,20% rate,-11913.529999999997,1055.490000000001,-12969.019999999999,0.0
2250,136046.97,45% rate,42396.1365,7540.0,29948.0,4908.1365000000005
2253,176495.78000000003,45% rate,60598.10100000001,7540.0,29948.0,23110.101000000013
2258,27193.66,20% rate,-6305.804,2924.732,-9230.536,0.0
2261,27703.360000000004,20% rate,-5999.983999999999,3026.672000000001,-9026.655999999999,0.0
2264,159254.1,45% rate,52839.345,7540.0,29948.0,15351.345000000003
2267,27486.92,20% rate,-6129.848000000002,2983.384,-9113.232000000002,0.0
2271,105585.59999999999,40% rate,29666.239999999998,7540.0,22126.239999999998,0.0
2272,40306.92,20% rate,1562.1519999999991,5547.384,-3985.232000000001,0.0
2279,122460.06999999999,40% rate,36416.028,7540.0,28876.028,0.0
2280,128071.4,45% rate,38807.13,7540.0,29948.0,1319.1299999999974
2282,77253.84000000001,40% rate,18333.536000000007,7540.0,10793.536000000006,0.0
2284,105083.32999999999,40% rate,29465.331999999995,7540.0,21925.331999999995,0.0
2289,80002.00000000001,40% rate,19432.800000000007,7540.0,11892.800000000007,0.0
2290,167509.67,45% rate,56554.351500000004,7540.0,29948.0,19066.351500000008
2291,172549.64,45% rate,58822.338,7540.0,29948.0,21334.338000000007
2294,182487.26,45% rate,63294.26700000001,7540.0,29948.0,25806.267000000003
2296,86333.18,40% rate,21965.271999999997,7540.0,14425.271999999997,0.0
2299,123311.30000000002,40% rate,36756.520000000004,7540.0,29216.520000000008,0.0
2301,108741.57000000002,40% rate,30928.62800000001,7540.0,23388.62800000001,0.0
2303,132933.3,45% rate,40994.98499999999,7540.0,29948.0,3506.9849999999947
2309,184251.79,45% rate,64088.3055,7540.0,29948.0,26600.305500000006
2310,19754.25,20% rate,-10769.45,1436.8500000000001,-12206.300000000001,0.0
2311,43742.65,20% rate,3623.590000000001,6234.530000000001,-2610.9399999999996,0.0
2312,75676.85,40% rate,17702.740000000005,7540.0,10162.740000000003,0.0
2315,46430.22,20% rate,5236.132000000001,6772.044000000001,-1535.9119999999996,0.0
2319,132595.6,45% rate,40843.020000000004,7540.0,29948.0,3355.0200000000027
2323,23017.749999999996,20% rate,-8811.350000000002,2089.5499999999993,-10900.900000000001,0.0
2325,89142.88999999998,40% rate,23089.155999999995,7540.0,15549.155999999995,0.0
2326,74114.93,40% rate,17077.971999999998,7540.0,9537.971999999998,0.0
2328,60332.850000000006,40% rate,11565.140000000003,7540.0,4025.1400000000026,0.0
2331,57842.84999999999,40% rate,10569.139999999996,7540.0,3029.1399999999967,0.0
2332,19393.17,20% rate,-10986.098000000002,1364.6339999999998,-12350.732000000002,0.0
2336,103369.59000000001,40% rate,28779.836000000007,7540.0,21239.836000000007,0.0
2343,43295.259999999995,20% rate,3355.155999999997,6145.052,-2789.8960000000025,0.0
2345,171759.84,45% rate,58466.928,7540.0,29948.0,20978.928
2348,172395.0,45% rate,58752.75,7540.0,29948.0,21264.75
2349,195446.30000000005,45% rate,69125.83500000002,7540.0,29948.0,31637.83500000002
2352,127741.90000000001,45% rate,38658.855,7540.0,29948.0,1170.8550000000039
2353,48431.12,20% rate,6436.672000000002,7172.224000000001,-735.551999999999,0.0
2357,95906.26000000001,40% rate,25794.504000000004,7540.0,18254.504000000004,0.0
2359,42312.23,20% rate,2765.338000000002,5948.446000000001,-3183.107999999999,0.0
2370,159967.53,45% rate,53160.3885,7540.0,29948.0,15672.3885
2376,117413.82,40% rate,34397.528000000006,7540.0,26857.528000000006,0.0
2378,47763.66,20% rate,6036.196000000002,7038.732000000001,-1002.5359999999987,0.0
2381,13869.270000000002,20% rate,-14300.437999999998,259.85400000000044,-14560.292,0.0
2389,167954.68000000002,45% rate,56754.606000000014,7540.0,29948.0,19266.60600000001
2390,78796.37999999999,40% rate,18950.551999999996,7540.0,11410.551999999996,0.0
2391,187888.62,45% rate,65724.879,7540.0,29948.0,28236.878999999997
2392,148677.77,45% rate,48079.996499999994,7540.0,29948.0,10591.996499999996
2395,123569.01999999999,40% rate,36859.60799999999,7540.0,29319.607999999997,0.0
2396,49878.869999999995,20% rate,7305.321999999997,7461.773999999999,-156.45200000000187,0.0
2398,45744.49999999999,20% rate,4824.699999999995,6634.899999999999,-1810.200000000003,0.0
2400,41054.63999999999,20% rate,2010.7839999999956,5696.927999999999,-3686.1440000000034,0.0
2401,132086.05,45% rate,40613.722499999996,7540.0,29948.0,3125.722499999995
2402,52684.07000000001,40% rate,8505.628000000002,7540.0,965.6280000000029,0.0
2405,81826.25000000001,40% rate,20162.500000000007,7540.0,12622.500000000007,0.0
2409,25801.429999999997,20% rate,-7141.142000000002,2646.2859999999996,-9787.428000000002,0.0
2413,62634.35,40% rate,12485.74,7540.0,4945.74,0.0
2416,60571.45,40% rate,11660.579999999998,7540.0,4120.579999999999,0.0
2417,176182.44,45% rate,60457.098,7540.0,29948.0,22969.098
2418,65726.03999999998,40% rate,13722.415999999992,7540.0,6182.415999999992,0.0
2422,182902.11,45% rate,63480.949499999995,7540.0,29948.0,25992.949499999995
2423,86661.01999999999,40% rate,22096.407999999996,7540.0,14556.407999999996,0.0
2424,154116.43999999997,45% rate,50527.39799999999,7540.0,29948.0,13039.397999999988
2427,165530.33,45% rate,55663.648499999996,7540.0,29948.0,18175.648499999996
2430,72123.28,40% rate,16281.312,7540.0,8741.312,0.0
2431,180042.76,45% rate,62194.242000000006,7540.0,29948.0,24706.242000000006
2433,19408.799999999996,20% rate,-10976.720000000005,1367.7599999999993,-12344.480000000003,0.0
2434,152003.37,45% rate,49576.5165,7540.0,29948.0,12088.516499999998
2435,191151.27,45% rate,67193.07149999999,7540.0,29948.0,29705.071499999995
2443,41980.46,20% rate,2566.276,5882.092000000001,-3315.8160000000007,0.0
2444,180975.99,45% rate,62614.1955,7540.0,29948.0,25126.195499999998
2445,182568.49,45% rate,63330.8205,7540.0,29948.0,25842.820499999998
2448,101532.77999999998,40% rate,28045.111999999994,7540.0,20505.111999999994,0.0
2453,78806.94,40% rate,18954.776,7540.0,11414.776000000002,0.0
2456,54194.39,40% rate,9109.756,7540.0,1569.7559999999999,0.0
2458,25426.02,20% rate,-7366.388000000001,2571.204,-9937.592,0.0
2459,186224.35,45% rate,64975.957500000004,7540.0,29948.0,27487.957500000004
2465,65886.6,40% rate,13786.640000000003,7540.0,6246.640000000003,0.0
2468,60485.77000000001,40% rate,11626.308000000005,7540.0,4086.3080000000045,0.0
2470,31474.4,20% rate,-3737.359999999999,3780.8800000000006,-7518.24,0.0
2474,139616.38999999998,45% rate,44002.375499999995,7540.0,29948.0,6514.375499999994
2475,46625.93,20% rate,5353.558000000001,6811.186000000001,-1457.628,0.0
2476,52943.350000000006,40% rate,8609.340000000002,7540.0,1069.3400000000024,0.0
2477,113779.02,40% rate,32943.60800000001,7540.0,25403.608000000004,0.0
2478,122319.45999999999,40% rate,36359.784,7540.0,28819.784,0.0
2480,119982.81999999996,40% rate,35425.12799999998,7540.0,27885.127999999986,0.0
2482,114982.74,40% rate,33425.096000000005,7540.0,25885.096000000005,0.0
2485,39101.75,20% rate,839.0500000000002,5306.35,-4467.3,0.0
2487,104050.17,40% rate,29052.068,7540.0,21512.068,0.0
2491,176030.99,45% rate,60388.9455,7540.0,29948.0,22900.945499999998
2492,20907.94,20% rate,-10077.236,1667.5879999999997,-11744.824,0.0
2499,37835.14,20% rate,79.08399999999983,5053.028,-4973.944,0.0
2500,178007.76000000004,45% rate,61278.49200000001,7540.0,29948.0,23790.492000000017
2501,118973.34,40% rate,35021.335999999996,7540.0,27481.336,0.0
2503,80262.70999999999,40% rate,19537.083999999995,7540.0,11997.083999999997,0.0
2504,60319.91,40% rate,11559.964000000002,7540.0,4019.9640000000018,0.0
2505,155941.21000000002,45% rate,51348.54450000001,7540.0,29948.0,13860.544500000009
2507,184697.4,45% rate,64288.83,7540.0,29948.0,26800.829999999998
2510,72943.67,40% rate,16609.468,7540.0,9069.467999999999,0.0
2511,129088.54,45% rate,39264.84299999999,7540.0,29948.0,1776.8429999999971
2512,169286.01,45% rate,57353.70450000001,7540.0,29948.0,19865.704500000003
2516,186297.09999999998,45% rate,65008.69499999999,7540.0,29948.0,27520.69499999999
2521,150540.37,45% rate,48918.1665,7540.0,29948.0,11430.166499999998
2522,72169.04,40% rate,16299.615999999998,7540.0,8759.615999999998,0.0
2525,138347.5,45% rate,43431.375,7540.0,29948.0,5943.375
2526,198680.49000000002,45% rate,70581.22050000001,7540.0,29948.0,33093.22050000001
2528,195524.23,45% rate,69160.9035,7540.0,29948.0,31672.903500000004
2532,67997.98999999999,40% rate,14631.195999999996,7540.0,7091.195999999996,0.0
2533,51302.86,40% rate,7953.144,7540.0,413.14400000000023,0.0
2534,103519.36,40% rate,28839.744000000002,7540.0,21299.744000000002,0.0
2536,66071.67,40% rate,13860.668,7540.0,6320.668,0.0
2539,72234.45999999999,40% rate,16325.783999999998,7540.0,8785.783999999998,0.0
2541,87243.35999999999,40% rate,22329.343999999997,7540.0,14789.343999999996,0.0
2543,55746.91,40% rate,9730.764000000001,7540.0,2190.7640000000015,0.0
2545,166690.49,45% rate,56185.720499999996,7540.0,29948.0,18697.720499999996
2549,99909.29999999999,40% rate,27395.719999999998,7540.0,19855.719999999998,0.0
2551,97607.73,40% rate,26475.092,7540.0,18935.092,0.0
2554,156030.24,45% rate,51388.60799999999,7540.0,29948.0,13900.607999999997
2557,58851.32000000001,40% rate,10972.528000000002,7540.0,3432.528000000003,0.0
2559,22795.86,20% rate,-8944.484,2045.1720000000003,-10989.656,0.0
2560,152650.84999999998,45% rate,49867.88249999999,7540.0,29948.0,12379.88249999999
2563,54538.119999999995,40% rate,9247.247999999998,7540.0,1707.2479999999982,0.0
2567,28948.18,20% rate,-5253.092000000001,3275.6360000000004,-8528.728000000001,0.0
2569,184253.07999999996,45% rate,64088.885999999984,7540.0,29948.0,26600.88599999998
2570,115100.88000000003,40% rate,33472.35200000001,7540.0,25932.352000000014,0.0
2572,65746.44,40% rate,13730.576000000001,7540.0,6190.576000000001,0.0
2573,188862.14000000004,45% rate,66162.96300000002,7540.0,29948.0,28674.96300000002
2575,175045.19,45% rate,59945.3355,7540.0,29948.0,22457.3355
2577,120523.47,40% rate,35641.388000000006,7540.0,28101.388000000003,0.0
2580,134993.49,45% rate,41922.070499999994,7540.0,29948.0,4434.070499999996
2582,71088.71,40% rate,15867.484000000002,7540.0,8327.484000000002,0.0
2583,124095.73000000001,40% rate,37070.292,7540.0,29530.292000000005,0.0
2584,108754.33,40% rate,30933.732000000004,7540.0,23393.732000000004,0.0
2585,139724.53999999998,45% rate,44051.04299999999,7540.0,29948.0,6563.042999999991
2588,46942.81,20% rate,5543.685999999999,6874.562,-1330.876000000001,0.0
2590,153940.68000000002,45% rate,50448.30600000001,7540.0,29948.0,12960.30600000001
2592,152512.30999999997,45% rate,49805.539499999984,7540.0,29948.0,12317.539499999986
2594,95556.62,40% rate,25654.647999999997,7540.0,18114.647999999997,0.0
2595,179070.84000000003,45% rate,61756.87800000001,7540.0,29948.0,24268.87800000001
2598,98968.43000000001,40% rate,27019.372000000003,7540.0,19479.372000000003,0.0
2600,13196.250000000002,20% rate,-14704.25,125.25000000000037,-14829.5,0.0
2602,26803.78,20% rate,-6539.732000000002,2846.756,-9386.488000000001,0.0
2606,39217.74,20% rate,908.6439999999984,5329.548,-4420.904000000001,0.0
2608,112420.63999999998,40% rate,32400.255999999994,7540.0,24860.255999999994,0.0
2611,50656.31999999999,40% rate,7694.527999999997,7540.0,154.52799999999698,0.0
2615,71241.64,40% rate,15928.656,7540.0,8388.656,0.0
2617,98406.21000000002,40% rate,26794.484000000008,7540.0,19254.484000000008,0.0
2618,37977.54000000001,20% rate,164.5240000000049,5081.508000000002,-4916.983999999997,0.0
2620,15281.05,20% rate,-13453.37,542.2099999999999,-13995.58,0.0
2623,183764.26999999996,45% rate,63868.92149999998,7540.0,29948.0,26380.921499999982
2624,50238.899999999994,20% rate,7521.3399999999965,7533.779999999999,-12.440000000002328,0.0
2625,89808.16,40% rate,23355.264000000003,7540.0,15815.264000000003,0.0
2630,34900.62,20% rate,-1681.6279999999988,4466.124000000001,-6147.7519999999995,0.0
2634,97989.88,40% rate,26627.952,7540.0,19087.952,0.0
2635,131460.16000000003,45% rate,40332.072000000015,7540.0,29948.0,2844.0720000000147
2636,171012.77,45% rate,58130.746499999994,7540.0,29948.0,20642.746499999997
2638,136290.17,45% rate,42505.5765,7540.0,29948.0,5017.576500000006
2641,113523.73000000003,40% rate,32841.49200000001,7540.0,25301.492000000013,0.0
2647,123668.85,40% rate,36899.54000000001,7540.0,29359.540000000005,0.0
2655,141049.33000000002,45% rate,44647.198500000006,7540.0,29948.0,7159.198500000008
2657,71079.40999999999,40% rate,15863.763999999996,7540.0,8323.763999999996,0.0
2658,49755.53,20% rate,7231.317999999999,7437.106,-205.78800000000047,0.0
2660,116967.84999999998,40% rate,34219.13999999999,7540.0,26679.139999999992,0.0
2661,142647.06999999998,45% rate,45366.18149999999,7540.0,29948.0,7878.181499999991
2662,14667.609999999999,20% rate,-13821.434000000001,419.52199999999976,-14240.956,0.0
2663,42330.27,20% rate,2776.1619999999984,5952.054,-3175.8920000000016,0.0
2676,147932.43,45% rate,47744.593499999995,7540.0,29948.0,10256.593499999997
2677,122114.21,40% rate,36277.68400000001,7540.0,28737.684000000005,0.0
2679,19836.039999999997,20% rate,-10720.376000000004,1453.2079999999996,-12173.584000000003,0.0
2681,109269.95999999999,40% rate,31139.983999999997,7540.0,23599.983999999997,0.0
2683,70400.14,40% rate,15592.056,7540.0,8052.0560000000005,0.0
2685,147286.67,45% rate,47454.001500000006,7540.0,29948.0,9966.001500000006
2687,48326.17,20% rate,6373.701999999999,7151.234,-777.5320000000007,0.0
2688,42605.82,20% rate,2941.492,6007.164000000001,-3065.6720000000005,0.0
2689,131073.12,45% rate,40157.903999999995,7540.0,29948.0,2669.903999999998
2690,90803.83000000002,40% rate,23753.532000000007,7540.0,16213.532000000007,0.0
2695,38587.38,20% rate,530.4279999999981,5203.476,-4673.048000000002,0.0
2696,91179.40999999999,40% rate,23903.763999999996,7540.0,16363.763999999996,0.0
2698,77247.68000000001,40% rate,18331.072000000004,7540.0,10791.072000000004,0.0
2701,132078.78999999998,45% rate,40610.45549999999,7540.0,29948.0,3122.4554999999905
2702,81670.40999999999,40% rate,20100.163999999997,7540.0,12560.163999999997,0.0
2703,137928.06,45% rate,43242.627,7540.0,29948.0,5754.6269999999995
2706,43505.64000000001,20% rate,3481.384000000004,6187.1280000000015,-2705.7439999999974,0.0
2708,101896.0,40% rate,28190.4,7540.0,20650.4,0.0
2711,172748.38,45% rate,58911.77100000001,7540.0,29948.0,21423.771000000004
2712,90373.73000000001,40% rate,23581.492000000006,7540.0,16041.492000000006,0.0
2714,149629.82,45% rate,48508.419,7540.0,29948.0,11020.419000000004
2717,36431.649999999994,20% rate,-763.0100000000039,4772.329999999999,-5535.340000000003,0.0
2721,45792.08,20% rate,4853.248000000001,6644.416000000001,-1791.1679999999994,0.0
2722,48495.31999999999,20% rate,6475.1919999999955,7185.0639999999985,-709.872000000003,0.0
2723,12858.810000000001,20% rate,-14906.714000000002,57.76200000000026,-14964.476000000002,0.0
2724,40735.280000000006,20% rate,1819.1680000000038,5633.056000000001,-3813.8879999999976,0.0
2725,70169.2,40% rate,15499.68,7540.0,7959.679999999999,0.0
2726,125684.94,45% rate,37733.223,7540.0,29948.0,245.22300000000106
2727,56358.100000000006,40% rate,9975.240000000002,7540.0,2435.2400000000025,0.0
2730,40322.34,20% rate,1571.4039999999982,5550.468,-3979.0640000000017,0.0
2732,133151.58000000002,45% rate,41093.21100000001,7540.0,29948.0,3605.2110000000075
2737,19695.05,20% rate,-10804.970000000001,1425.01,-12229.980000000001,0.0
2738,171191.12,45% rate,58211.004,7540.0,29948.0,20723.003999999997
2744,38606.009999999995,20% rate,541.605999999997,5207.201999999999,-4665.596000000002,0.0
2745,36363.23,20% rate,-804.0619999999981,4758.646000000001,-5562.707999999999,0.0
2746,128042.56,45% rate,38794.152,7540.0,29948.0,1306.151999999999
2747,173601.1,45% rate,59295.495,7540.0,29948.0,21807.495000000003
2748,27109.1,20% rate,-6356.540000000001,2907.8199999999997,-9264.36,0.0
2749,99825.94999999998,40% rate,27362.379999999994,7540.0,19822.379999999994,0.0
2752,12903.840000000002,20% rate,-14879.696,66.7680000000004,-14946.464,0.0
2754,18022.980000000003,20% rate,-11808.211999999998,1090.5960000000007,-12898.807999999999,0.0
2755,85530.32999999999,40% rate,21644.131999999998,7540.0,14104.131999999996,0.0
2759,55327.99000000001,40% rate,9563.196000000005,7540.0,2023.1960000000051,0.0
2760,103621.62000000001,40% rate,28880.648000000005,7540.0,21340.648000000005,0.0
2766,188978.37000000002,45% rate,66215.26650000001,7540.0,29948.0,28727.266500000012
2772,145248.97999999998,45% rate,46537.04099999999,7540.0,29948.0,9049.040999999992
2778,103264.02,40% rate,28737.608000000004,7540.0,21197.608000000004,0.0
2785,169515.61,45% rate,57457.0245,7540.0,29948.0,19969.024499999996
2788,111774.06,40% rate,32141.624,7540.0,24601.624,0.0
2794,59587.119999999995,40% rate,11266.847999999998,7540.0,3726.847999999998,0.0
2796,165834.61999999997,45% rate,55800.57899999998,7540.0,29948.0,18312.578999999987
2798,34368.04,20% rate,-2001.1759999999995,4359.608,-6360.784,0.0
2800,184998.81999999998,45% rate,64424.46899999999,7540.0,29948.0,26936.46899999999
2801,111983.66000000002,40% rate,32225.464000000007,7540.0,24685.464000000007,0.0
2802,77115.37000000001,40% rate,18278.148000000005,7540.0,10738.148000000005,0.0
2803,116481.20999999999,40% rate,34024.484,7540.0,26484.483999999997,0.0
2807,99038.82999999999,40% rate,27047.531999999996,7540.0,19507.531999999996,0.0
2808,144453.07,45% rate,46178.8815,7540.0,29948.0,8690.881500000003
2810,52118.42,40% rate,8279.367999999999,7540.0,739.3679999999994,0.0
2815,16182.94,20% rate,-12912.236,722.5880000000002,-13634.824,0.0
2817,126422.78999999998,45% rate,38065.25549999999,7540.0,29948.0,577.2554999999905
2818,81660.62999999999,40% rate,20096.251999999997,7540.0,12556.251999999997,0.0
2820,27443.78,20% rate,-6155.732000000002,2974.756,-9130.488000000001,0.0
2825,162554.15999999997,45% rate,54324.37199999999,7540.0,29948.0,16836.37199999999
2829,118354.38999999998,40% rate,34773.755999999994,7540.0,27233.755999999994,0.0
2834,130696.87000000001,45% rate,39988.5915,7540.0,29948.0,2500.5915000000045
2835,51035.41,40% rate,7846.164000000002,7540.0,306.1640000000014,0.0
2836,135456.18,45% rate,42130.280999999995,7540.0,29948.0,4642.280999999997
2840,133503.16,45% rate,41251.422,7540.0,29948.0,3763.422000000002
2842,79266.36,40% rate,19138.544,7540.0,11598.544000000002,0.0
2844,104086.11,40% rate,29066.444000000003,7540.0,21526.444000000003,0.0
2846,168955.51999999996,45% rate,57204.98399999998,7540.0,29948.0,19716.983999999982
2849,195669.25000000006,45% rate,69226.16250000003,7540.0,29948.0,31738.162500000028
2853,87971.48,40% rate,22620.591999999997,7540.0,15080.591999999999,0.0
2860,183760.22,45% rate,63867.099,7540.0,29948.0,26379.099000000002
2861,132402.07,45% rate,40755.931500000006,7540.0,29948.0,3267.9315000000033
2862,50447.76,40% rate,7611.104000000001,7540.0,71.10400000000082,0.0
2870,74745.58000000002,40% rate,17330.232000000007,7540.0,9790.232000000007,0.0
2871,23144.32,20% rate,-8735.408000000001,2114.864,-10850.272,0.0
2872,116186.54999999999,40% rate,33906.619999999995,7540.0,26366.619999999995,0.0
2873,162927.45,45% rate,54492.35250000001,7540.0,29948.0,17004.352500000005
2874,52448.3,40% rate,8411.320000000002,7540.0,871.3200000000012,0.0
2881,178822.18999999997,45% rate,61644.98549999999,7540.0,29948.0,24156.985499999988
2884,175231.74999999997,45% rate,60029.28749999999,7540.0,29948.0,22541.287499999988
2886,93440.22,40% rate,24808.088,7540.0,17268.088,0.0
2887,198133.39,45% rate,70335.02550000002,7540.0,29948.0,32847.02550000001
2891,44030.87,20% rate,3796.5220000000018,6292.174000000001,-2495.651999999999,0.0
2893,149931.57,45% rate,48644.2065,7540.0,29948.0,11156.206500000004
2894,49770.55999999999,20% rate,7240.335999999995,7440.111999999998,-199.77600000000385,0.0
2895,62270.60000000001,40% rate,12340.240000000005,7540.0,4800.240000000005,0.0
2896,73804.81,40% rate,16953.924,7540.0,9413.923999999999,0.0
2903,166387.67,45% rate,56049.45150000001,7540.0,29948.0,18561.451500000006
2908,155333.57,45% rate,51075.1065,7540.0,29948.0,13587.106500000004
2910,70172.65,40% rate,15501.059999999998,7540.0,7961.059999999998,0.0
2913,86590.48999999999,40% rate,22068.195999999996,7540.0,14528.195999999996,0.0
2914,113760.26999999999,40% rate,32936.10799999999,7540.0,25396.107999999997,0.0
2917,152901.88,45% rate,49980.846000000005,7540.0,29948.0,12492.846000000003
2921,103222.25,40% rate,28720.9,7540.0,21180.9,0.0
2923,95676.31,40% rate,25702.524,7540.0,18162.524,0.0
2926,160244.05,45% rate,53284.822499999995,7540.0,29948.0,15796.822499999995
2927,125913.84,45% rate,37836.227999999996,7540.0,29948.0,348.2279999999984
2928,156023.69,45% rate,51385.6605,7540.0,29948.0,13897.660500000002
2930,140905.08,45% rate,44582.28599999999,7540.0,29948.0,7094.285999999995
2931,120955.88,40% rate,35814.352,7540.0,28274.352000000003,0.0
2932,82838.36,40% rate,20567.344,7540.0,13027.344000000001,0.0
2936,30954.03,20% rate,-4049.582000000001,3676.806,-7726.388000000001,0.0
2938,123837.45,40% rate,36966.979999999996,7540.0,29426.98,0.0
2939,151465.38,45% rate,49334.421,7540.0,29948.0,11846.421000000002
2942,94543.57,40% rate,25249.428000000004,7540.0,17709.428000000004,0.0
2943,34013.810000000005,20% rate,-2213.713999999997,4288.7620000000015,-6502.475999999999,0.0
2946,97238.89000000001,40% rate,26327.556000000008,7540.0,18787.556000000008,0.0
2948,22942.47,20% rate,-8856.518,2074.494,-10931.012,0.0
2950,99513.22,40% rate,27237.288,7540.0,19697.288,0.0
2952,123985.63999999998,40% rate,37026.255999999994,7540.0,29486.255999999994,0.0
2953,160944.31999999998,45% rate,53599.94399999999,7540.0,29948.0,16111.94399999999
2958,114703.48,40% rate,33313.392,7540.0,25773.392,0.0
2959,116412.02000000002,40% rate,33996.808000000005,7540.0,26456.808000000008,0.0
2960,22708.239999999998,20% rate,-8997.056000000002,2027.6479999999997,-11024.704000000002,0.0
2963,33448.46000000001,20% rate,-2552.9239999999963,4175.692000000002,-6728.615999999998,0.0
2965,131473.28,45% rate,40337.976,7540.0,29948.0,2849.9759999999997
2966,141816.08000000002,45% rate,44992.236000000004,7540.0,29948.0,7504.236000000007
2972,171734.83,45% rate,58455.67349999999,7540.0,29948.0,20967.673499999994
2974,23172.14,20% rate,-8718.716,2120.428,-10839.144,0.0
2976,161059.05000000002,45% rate,53651.57250000001,7540.0,29948.0,16163.572500000007
2977,168334.4,45% rate,56925.479999999996,7540.0,29948.0,19437.48
2979,90823.15,40% rate,23761.26,7540.0,16221.259999999998,0.0
2980,187773.50999999998,45% rate,65673.07949999999,7540.0,29948.0,28185.079499999993
2985,160884.02000000002,45% rate,53572.80900000001,7540.0,29948.0,16084.809000000008
2986,47609.88,20% rate,5943.927999999998,7007.976,-1064.0480000000011,0.0
2990,133088.94999999998,45% rate,41065.02749999999,7540.0,29948.0,3577.0274999999924
2991,142427.19,45% rate,45267.2355,7540.0,29948.0,7779.235500000002
2992,108178.55,40% rate,30703.420000000002,7540.0,23163.420000000002,0.0
2994,111712.65,40% rate,32117.059999999998,7540.0,24577.059999999998,0.0
2995,134668.02000000002,45% rate,41775.60900000001,7540.0,29948.0,4287.609000000009
2997,32379.93,20% rate,-3194.042,3961.9860000000003,-7156.028,0.0
2998,24647.13,20% rate,-7833.722000000001,2415.4260000000004,-10249.148000000001,0.0
2999,85976.3,40% rate,21822.520000000004,7540.0,14282.520000000002,0.0
