StoreID,CustomerID,OrderID,Order Date,ProductID,Returned,Quantity,Sales
5,70,1347,2021-01-24,7,0,7,420.49
3,40,1924,2021-01-15,7,0,7,420.49
7,353,2097,2021-07-01,7,0,10,600.7
7,29,1704,2021-01-14,5,0,11,415.25
4,68,1911,2021-01-23,5,1,4,151.0
5,43,1965,2021-01-16,5,0,3,113.25
7,48,1259,2021-01-20,10,0,5,484.09999999999997
6,69,1105,2021-01-23,22,0,7,303.03
7,86,1141,2021-01-30,22,1,7,303.03
5,28,1984,2021-01-13,22,0,3,129.87
7,25,1985,2021-01-13,22,0,11,476.19
6,35,1194,2021-01-14,14,0,10,208.70000000000002
6,83,1139,2021-01-30,59,1,9,141.21
3,37,1193,2021-01-14,44,0,3,26.400000000000002
4,4,1431,2021-01-26,44,1,7,61.60000000000001
5,52,1411,2021-01-21,21,1,3,7.800000000000001
6,73,1432,2021-01-26,21,1,7,18.2
5,66,1914,2021-01-23,21,1,5,13.0
5,68,1221,2021-02-01,57,0,5,50.0
7,368,1275,2021-12-01,57,0,3,30.0
5,84,1586,2021-01-30,57,1,11,110.0
7,77,2016,2021-01-28,57,0,4,40.0
3,30,1705,2021-01-14,8,1,11,219.89
3,36,1703,2021-01-14,36,0,8,2115.68
5,67,1912,2021-01-23,36,0,5,1322.3
6,55,1132,2021-01-21,42,0,10,5629.0
2,44,1964,2021-01-16,42,1,4,2251.6
7,25,1985,2021-01-13,42,0,10,5629.0
3,27,1986,2021-01-13,42,0,11,6191.9
3,206,2096,2021-07-01,42,0,7,3940.2999999999997
6,55,1132,2021-01-21,33,0,11,5107.1900000000005
1,58,1188,2021-01-21,33,1,4,1857.16
5,52,1411,2021-01-21,33,1,10,4642.900000000001
4,68,1911,2021-01-23,33,1,8,3714.32
5,28,1984,2021-01-13,33,0,9,4178.610000000001
6,61,1133,2021-01-21,51,0,9,1127.97
7,74,1313,2021-01-27,51,1,11,1378.6299999999999
4,68,1911,2021-01-23,51,1,6,751.98
5,49,1095,2021-01-20,48,0,7,4237.73
2,38,1922,2021-01-15,48,0,8,4843.12
2,42,1923,2021-01-15,48,1,8,4843.12
1,90,1140,2021-01-30,18,0,5,4488.25
2,62,1178,2021-07-01,18,0,10,8976.5
7,87,1138,2021-01-30,12,1,3,313.74
6,35,1194,2021-01-14,12,0,3,313.74
7,77,2016,2021-01-28,12,0,6,627.48
3,206,2096,2021-07-01,12,0,6,627.48
7,75,2076,2021-01-27,56,0,10,56.900000000000006
7,73,1232,2021-01-28,1,1,11,36.63
2,277,1851,2021-12-01,1,1,2,6.66
1,2,2002,2021-01-01,1,0,4,13.32
7,75,2076,2021-01-27,1,0,9,29.97
7,353,2097,2021-07-01,1,0,8,26.64
6,73,1432,2021-01-26,55,1,6,16.14
6,83,1139,2021-01-30,60,1,8,36.0
2,88,1137,2021-01-30,32,0,10,55.0
5,32,1702,2021-01-14,32,0,5,27.5
6,50,1778,2021-01-20,32,0,3,16.5
7,75,2076,2021-01-27,32,0,11,60.5
1,22,2095,2021-07-01,32,0,3,16.5
4,94,1223,2021-02-01,43,0,8,21.52
7,29,1704,2021-01-14,43,0,10,26.9
2,44,1964,2021-01-16,43,1,11,29.59
7,77,2016,2021-01-28,43,0,1,2.69
7,353,2097,2021-07-01,43,0,8,21.52
3,37,1193,2021-01-14,19,0,10,48.7
5,68,1221,2021-02-01,19,0,6,29.22
7,74,1313,2021-01-27,19,1,2,9.74
4,85,1142,2021-01-30,30,0,1,9.99
1,58,1188,2021-01-21,30,1,9,89.91
6,73,1432,2021-01-26,30,1,4,39.96
2,152,1747,2021-03-01,30,1,8,79.92
2,71,1791,2021-01-26,30,1,8,79.92
6,35,1194,2021-01-14,16,0,8,62.4
1,31,1589,2021-01-14,16,0,1,7.8
5,79,1686,2021-01-28,16,0,4,31.2
1,33,1706,2021-01-14,16,1,11,85.8
3,27,1986,2021-01-13,16,0,4,31.2
5,68,1221,2021-02-01,35,0,1,2.65
1,57,1408,2021-01-21,35,0,3,7.949999999999999
3,82,1721,2021-01-29,31,0,7,17.849999999999998
5,72,2160,2021-01-26,31,0,9,22.95
1,78,1231,2021-01-28,53,0,10,26.5
1,57,1408,2021-01-21,53,0,3,7.949999999999999
3,37,1193,2021-01-14,24,0,3,8.399999999999999
1,56,1187,2021-01-21,25,0,5,19.85
7,25,1985,2021-01-13,25,0,2,7.94
7,48,1259,2021-01-20,39,0,7,34.09
7,60,1407,2021-01-21,39,0,9,43.83
5,34,1584,2021-01-30,39,0,9,43.83
2,45,1748,2021-01-16,39,1,4,19.48
7,368,1275,2021-12-01,27,0,7,39.69
1,33,1706,2021-01-14,27,1,1,5.67
5,65,1913,2021-01-23,27,1,10,56.7
2,42,1923,2021-01-15,27,1,4,22.68
7,75,2076,2021-01-27,27,0,5,28.35
7,87,1138,2021-01-30,28,1,6,35.94
7,48,1259,2021-01-20,28,0,2,11.98
2,136,1329,2021-08-01,28,1,10,59.900000000000006
7,60,1407,2021-01-21,28,0,1,5.99
2,45,1748,2021-01-16,28,1,1,5.99
7,62,1104,2021-01-22,3,1,4,25.8
6,69,1105,2021-01-23,3,0,5,32.25
3,3,1155,2021-01-01,3,0,5,32.25
1,57,1408,2021-01-21,3,0,7,45.15
6,73,1432,2021-01-26,3,1,5,32.25
3,30,1705,2021-01-14,3,1,9,58.050000000000004
5,92,1786,2021-01-30,3,0,2,12.9
1,31,1589,2021-01-14,46,0,2,13.04
3,36,1703,2021-01-14,46,0,1,6.52
2,47,1283,2021-01-19,29,0,11,75.78999999999999
2,50,1312,2021-01-27,29,1,7,48.23
7,60,1407,2021-01-21,29,0,10,68.89999999999999
5,34,1584,2021-01-30,29,0,6,41.339999999999996
2,88,1137,2021-01-30,4,0,2,14.28
7,76,1314,2021-01-27,4,1,7,49.98
2,277,1851,2021-12-01,4,1,8,57.12
1,2,2002,2021-01-01,4,0,6,42.839999999999996
7,60,1407,2021-01-21,47,0,7,52.5
3,30,1705,2021-01-14,47,1,1,7.5
4,68,1911,2021-01-23,47,1,7,52.5
4,63,1102,2021-01-22,54,1,4,31.2
7,89,1445,2021-01-30,54,1,11,85.8
3,64,1101,2021-01-22,50,0,10,79.9
5,79,1686,2021-01-28,50,0,11,87.89
6,50,1778,2021-01-20,50,0,4,31.96
4,68,1911,2021-01-23,50,1,11,87.89
2,54,1131,2021-01-21,2,1,3,129.78
1,56,1187,2021-01-21,2,0,10,432.59999999999997
2,1,1570,2021-01-01,2,1,7,302.82
5,67,1912,2021-01-23,2,0,7,302.82
5,43,1965,2021-01-16,2,0,9,389.34
5,72,2160,2021-01-26,2,0,9,389.34
1,58,1188,2021-01-21,11,1,10,899.7
1,31,1589,2021-01-14,11,0,3,269.90999999999997
1,33,1706,2021-01-14,11,1,3,269.90999999999997
5,70,1347,2021-01-24,38,0,2,11.98
3,307,2075,2021-09-01,38,0,3,17.97
3,30,1705,2021-01-14,9,1,10,199.4
2,38,1922,2021-01-15,9,0,8,159.52
5,49,1095,2021-01-20,34,0,6,275.34000000000003
3,37,1193,2021-01-14,34,0,10,458.9
4,93,1222,2021-02-01,34,0,2,91.78
6,59,1410,2021-01-21,34,0,5,229.45
4,354,2098,2021-07-01,34,0,1,45.89
1,57,1408,2021-01-21,23,0,5,843.8
1,39,1565,2021-01-15,23,0,6,1012.56
5,70,1347,2021-01-24,20,0,6,392.93999999999994
5,65,1913,2021-01-23,20,1,8,523.92
7,77,2016,2021-01-28,20,0,11,720.39
5,72,2160,2021-01-26,20,0,9,589.41
4,85,1142,2021-01-30,17,0,4,519.96
5,34,1584,2021-01-30,17,0,2,259.98
3,91,1585,2021-01-30,17,1,10,1299.9
3,45,1103,2021-01-22,37,0,7,556.2199999999999
5,34,1584,2021-01-30,37,0,9,715.14
6,69,1105,2021-01-23,52,0,3,46.92
1,53,1134,2021-01-21,52,0,6,93.84
5,68,1221,2021-02-01,52,0,1,15.64
7,89,1445,2021-01-30,52,1,3,46.92
1,81,1554,2021-01-29,52,1,1,15.64
2,326,1708,2021-06-01,52,1,6,93.84
5,65,1913,2021-01-23,52,1,2,31.28
7,80,2048,2021-01-29,52,1,7,109.48
1,58,1188,2021-01-21,6,1,1,86.99
2,46,1749,2021-01-16,6,1,3,260.96999999999997
5,66,1914,2021-01-23,6,1,8,695.92
7,353,2097,2021-07-01,6,0,7,608.93
5,34,1584,2021-01-30,13,0,10,3569.9
4,68,1911,2021-01-23,13,1,5,1784.95
7,353,2097,2021-07-01,13,0,1,356.99
1,58,1188,2021-01-21,40,1,1,459.67
1,57,1408,2021-01-21,40,0,10,4596.7
5,41,1426,2021-01-15,40,1,4,1838.68
7,89,1445,2021-01-30,40,1,8,3677.36
4,21,1722,2021-01-29,40,0,3,1379.01
5,28,1984,2021-01-13,40,0,3,1379.01
7,80,2048,2021-01-29,40,1,6,2758.02
7,80,2048,2021-01-29,58,1,4,1805.08
4,85,1142,2021-01-30,41,0,1,297.5
6,35,1194,2021-01-14,41,0,4,1190.0
2,45,1748,2021-01-16,41,1,8,2380.0
1,26,1987,2021-01-13,41,0,4,1190.0
5,41,1426,2021-01-15,15,1,8,3180.32
2,152,1747,2021-03-01,15,1,9,3577.86
2,46,1749,2021-01-16,15,1,7,2782.78
7,51,2102,2021-01-20,15,0,4,1590.16
5,84,1586,2021-01-30,49,1,8,5260.4
4,354,2098,2021-07-01,49,0,10,6575.5
7,51,2102,2021-01-20,49,0,6,3945.2999999999997
7,368,1275,2021-12-01,45,0,2,1619.12
1,81,1554,2021-01-29,45,1,6,4857.36
4,34,1590,2021-01-14,45,0,3,2428.68
5,65,1913,2021-01-23,45,1,2,1619.12
3,132,1272,2021-02-19,7,1,8,480.56
3,146,1295,2021-02-24,7,0,3,180.21
2,255,1867,2021-06-02,7,0,9,540.63
6,144,1874,2021-02-23,7,0,6,360.42
1,258,2023,2021-05-02,7,0,2,120.14
2,147,2077,2021-02-24,7,0,9,540.63
7,356,1247,2021-11-02,10,0,8,774.56
5,14,1418,2021-02-13,10,0,4,387.28
7,153,1683,2021-03-02,10,0,2,193.64
2,96,1731,2021-02-02,10,0,6,580.92
7,153,1683,2021-03-02,22,0,7,303.03
2,121,1909,2021-02-16,22,1,8,346.32
5,141,1498,2021-02-20,14,0,2,41.74
2,96,1731,2021-02-02,14,0,1,20.87
4,99,1732,2021-02-02,14,0,4,83.48
6,144,1874,2021-02-23,14,0,4,83.48
7,145,2078,2021-02-24,14,0,9,187.83
2,48,1068,2021-02-02,59,1,1,15.69
1,155,1212,2021-03-02,59,0,3,47.07
1,321,1866,2021-09-02,59,1,8,125.52
2,121,1909,2021-02-16,44,1,9,79.2
3,68,1971,2021-05-02,44,0,1,8.8
2,147,2077,2021-02-24,44,0,10,88.0
4,74,2111,2021-03-02,44,0,6,52.800000000000004
5,138,1145,2021-02-20,21,0,11,28.6
2,295,1484,2021-11-02,21,0,1,2.6
7,117,1815,2021-02-13,21,1,4,10.4
2,130,1444,2021-02-19,57,1,5,50.0
1,134,1641,2021-02-20,57,0,11,110.0
6,97,1730,2021-02-02,57,1,4,40.0
7,111,2129,2021-02-25,57,1,10,100.0
1,134,1641,2021-02-20,8,0,7,139.92999999999998
3,146,1295,2021-02-24,42,0,7,3940.2999999999997
6,140,1992,2021-02-20,42,0,1,562.9
6,131,2052,2021-04-02,42,1,10,5629.0
1,134,1641,2021-02-20,33,0,10,4642.900000000001
5,127,1661,2021-02-17,33,0,11,5107.1900000000005
6,131,2052,2021-04-02,33,1,9,4178.610000000001
7,133,1995,2021-02-20,51,0,9,1127.97
7,145,2078,2021-02-24,51,0,4,501.32
5,198,1326,2021-06-02,18,0,11,9874.15
2,121,1909,2021-02-16,18,1,8,7181.2
7,145,2078,2021-02-24,12,0,4,418.32
5,98,1069,2021-02-02,56,0,5,28.450000000000003
2,295,1484,2021-11-02,56,0,8,45.52
3,154,1682,2021-03-02,56,0,7,39.830000000000005
7,117,1815,2021-02-13,56,1,5,28.450000000000003
4,20,1199,2021-02-26,1,0,10,33.3
6,144,1874,2021-02-23,1,0,5,16.65
5,126,1551,2021-02-17,55,0,9,24.21
4,135,1144,2021-02-20,60,0,11,49.5
1,143,1302,2021-02-23,60,0,9,40.5
5,148,1541,2021-02-25,60,0,9,40.5
6,149,2130,2021-02-25,60,0,7,31.5
6,136,1991,2021-02-20,32,1,10,55.0
6,24,1994,2021-02-20,32,1,5,27.5
4,122,1910,2021-02-16,43,1,1,2.69
7,356,1247,2021-11-02,19,0,3,14.61
3,132,1272,2021-02-19,19,1,2,9.74
3,68,1971,2021-05-02,19,0,2,9.74
5,255,2086,2021-09-02,19,0,4,19.48
2,121,1909,2021-02-16,30,1,2,19.98
4,59,1996,2021-02-20,30,0,3,29.97
3,157,2109,2021-03-02,30,1,2,19.98
5,14,1418,2021-02-13,16,0,3,23.4
1,137,1993,2021-02-20,16,0,10,78.0
3,37,2046,2021-06-02,16,0,10,78.0
2,147,2077,2021-02-24,16,0,3,23.4
4,74,2111,2021-03-02,16,0,5,39.0
6,149,2130,2021-02-25,16,0,7,54.6
3,110,1475,2021-09-02,35,0,1,2.65
2,255,1867,2021-06-02,35,0,9,23.849999999999998
7,145,2078,2021-02-24,35,0,7,18.55
2,48,1068,2021-02-02,31,1,10,25.5
3,68,1971,2021-05-02,31,0,3,7.6499999999999995
5,291,1485,2021-11-02,53,0,10,26.5
1,134,1641,2021-02-20,53,0,9,23.849999999999998
4,122,1910,2021-02-16,53,1,5,13.25
3,282,2024,2021-05-02,24,0,4,11.2
6,327,2047,2021-06-02,24,0,5,14.0
5,148,1541,2021-02-25,25,0,11,43.67
5,123,1542,2021-02-16,25,0,6,23.82
4,120,1816,2021-02-13,25,0,2,7.94
3,157,2109,2021-03-02,25,1,9,35.730000000000004
6,335,1345,2021-10-02,26,1,11,56.87
3,68,1971,2021-05-02,26,0,8,41.36
5,138,1145,2021-02-20,28,0,11,65.89
2,295,1484,2021-11-02,28,0,2,11.98
5,141,1498,2021-02-20,28,0,7,41.93
6,327,2047,2021-06-02,28,0,11,65.89
6,149,2130,2021-02-25,28,0,7,41.93
3,132,1272,2021-02-19,3,1,5,32.25
3,124,1662,2021-02-17,3,0,9,58.050000000000004
1,119,1419,2021-02-13,46,0,8,52.16
4,59,1996,2021-02-20,46,0,11,71.72
4,20,1199,2021-02-26,29,0,10,68.89999999999999
3,146,1295,2021-02-24,29,0,10,68.89999999999999
5,198,1326,2021-06-02,29,0,8,55.12
7,118,1420,2021-02-13,29,0,4,27.56
5,126,1551,2021-02-17,29,0,9,62.01
1,151,1195,2021-02-26,4,0,11,78.53999999999999
4,142,1873,2021-02-23,4,1,9,64.25999999999999
1,137,1993,2021-02-20,4,0,5,35.699999999999996
1,143,1302,2021-02-23,47,0,6,45.0
5,141,1498,2021-02-20,47,0,11,82.5
3,154,1682,2021-03-02,47,0,7,52.5
7,117,1815,2021-02-13,47,1,11,82.5
4,142,1873,2021-02-23,47,1,4,30.0
1,151,1195,2021-02-26,54,0,7,54.6
3,322,1474,2021-09-02,54,1,9,70.2
1,115,1198,2021-02-26,2,0,5,216.29999999999998
1,134,1641,2021-02-20,2,0,1,43.26
7,95,1067,2021-02-02,11,0,4,359.88
4,150,1197,2021-02-26,11,0,5,449.85
7,128,1775,2021-02-18,11,0,5,449.85
3,37,2046,2021-06-02,11,0,9,809.73
5,126,1551,2021-02-17,38,0,9,53.910000000000004
7,125,1620,2021-02-17,38,1,8,47.92
7,128,1775,2021-02-18,38,0,1,5.99
5,129,1777,2021-02-18,38,0,10,59.900000000000006
2,147,2077,2021-02-24,38,0,2,11.98
5,255,2086,2021-09-02,38,0,3,17.97
2,295,1484,2021-11-02,9,0,7,139.58
2,255,1867,2021-06-02,9,0,1,19.94
7,117,1213,2021-03-02,34,0,10,458.9
5,198,1326,2021-06-02,34,0,9,413.01
5,141,1498,2021-02-20,34,0,4,183.56
5,126,1551,2021-02-17,34,0,3,137.67000000000002
1,143,1302,2021-02-23,23,0,10,1687.6
6,97,1730,2021-02-02,23,1,2,337.52
7,118,1420,2021-02-13,20,0,3,196.46999999999997
3,35,1196,2021-02-26,17,0,2,259.98
1,119,1419,2021-02-13,37,0,6,476.76
7,118,1420,2021-02-13,37,0,4,317.84
5,129,1777,2021-02-18,37,0,11,874.06
2,255,1867,2021-06-02,37,0,7,556.2199999999999
5,148,1541,2021-02-25,52,0,2,31.28
3,282,2024,2021-05-02,52,0,1,15.64
7,116,2059,2021-02-13,52,0,5,78.2
3,156,2108,2021-03-02,52,0,9,140.76
7,111,2129,2021-02-25,52,1,4,62.56
4,135,1144,2021-02-20,6,0,10,869.9
6,140,1992,2021-02-20,6,0,9,782.91
7,95,1067,2021-02-02,13,0,9,3212.91
4,120,1816,2021-02-13,13,0,4,1427.96
5,255,2086,2021-09-02,13,0,7,2498.9300000000003
4,120,1816,2021-02-13,40,0,1,459.67
7,95,1067,2021-02-02,58,0,8,3610.16
1,371,1472,2021-09-02,58,0,2,902.54
3,110,1475,2021-09-02,58,0,6,2707.62
1,134,1641,2021-02-20,58,0,1,451.27
4,131,1567,2021-02-19,41,0,11,3272.5
6,140,1992,2021-02-20,41,0,7,2082.5
3,282,2024,2021-05-02,41,0,8,2380.0
3,189,1473,2021-09-02,15,0,2,795.08
5,141,1498,2021-02-20,49,0,6,3945.2999999999997
7,118,1420,2021-02-13,45,0,8,6476.48
6,139,1497,2021-02-20,45,0,4,3238.24
4,122,1910,2021-02-16,45,1,5,4047.7999999999997
7,182,1306,2021-03-24,7,0,6,360.42
4,211,1351,2021-03-25,7,0,9,540.63
4,51,1357,2021-03-23,7,0,5,300.35
5,240,1755,2021-04-03,7,1,4,240.28
7,133,1814,2021-03-13,7,1,5,300.35
2,98,2079,2021-03-13,7,0,8,480.56
5,36,2081,2021-03-13,7,0,8,480.56
3,238,1310,2021-03-31,5,1,6,226.5
5,206,1614,2021-03-19,5,0,7,264.25
3,132,1667,2021-03-27,5,0,7,264.25
3,209,1760,2021-03-21,5,0,5,188.75
1,74,1836,2021-03-28,5,1,9,339.75
5,158,1960,2021-06-03,5,0,7,264.25
4,222,2003,2021-10-03,5,0,5,188.75
5,104,1270,2021-02-03,10,1,2,193.64
2,87,1381,2021-02-03,10,1,11,1065.02
1,103,1382,2021-02-03,10,0,4,387.28
5,4,1617,2021-03-19,10,0,11,1065.02
4,279,1653,2021-12-03,10,0,1,96.82
3,101,1716,2021-03-23,10,0,2,193.64
1,218,1821,2021-03-26,10,0,11,1065.02
6,220,2070,2021-03-26,10,0,1,96.82
3,167,1125,2021-03-18,22,0,7,303.03
6,139,1533,2021-03-18,22,0,3,129.87
3,192,1709,2021-10-03,22,0,2,86.58
6,3,1342,2021-03-21,14,1,3,62.61
2,187,1635,2021-03-13,14,0,5,104.35000000000001
5,240,1755,2021-04-03,14,1,3,62.61
2,56,1807,2021-03-31,14,1,8,166.96
2,227,1837,2021-03-28,14,0,7,146.09
2,226,1839,2021-03-28,14,0,10,208.70000000000002
4,102,1744,2021-03-19,59,0,8,125.52
4,61,1936,2021-04-03,59,1,3,47.07
1,119,2062,2021-11-03,59,0,5,78.45
2,19,1094,2021-04-03,44,0,5,44.0
1,102,1271,2021-02-03,44,1,2,17.6
7,182,1306,2021-03-24,44,0,8,70.4
5,210,1433,2021-03-23,44,0,7,61.60000000000001
7,93,1468,2021-03-13,44,0,4,35.2
2,236,1494,2021-03-31,44,0,11,96.80000000000001
5,206,1614,2021-03-19,44,0,2,17.6
2,179,1810,2021-03-13,44,0,3,26.400000000000002
1,229,2121,2021-03-30,44,1,6,52.800000000000004
7,242,1093,2021-04-03,21,0,10,26.0
5,92,1243,2021-03-19,21,0,2,5.2
4,222,1278,2021-03-26,21,1,1,2.6
2,81,1282,2021-03-28,21,1,7,18.2
2,78,1305,2021-03-24,21,1,8,20.8
6,147,1678,2021-05-03,21,0,3,7.800000000000001
4,263,1710,2021-10-03,21,0,4,10.4
2,217,2120,2021-03-30,21,0,8,20.8
2,234,1097,2021-03-31,57,0,5,50.0
6,219,1279,2021-03-26,57,1,6,60.0
2,236,1494,2021-03-31,57,0,9,90.0
5,228,1668,2021-03-30,57,1,3,30.0
4,203,1746,2021-03-19,57,0,1,10.0
6,345,1203,2021-10-03,8,1,3,59.97
2,49,1292,2021-03-16,8,0,9,179.91
4,119,1349,2021-03-25,8,0,5,99.94999999999999
4,199,1370,2021-03-17,8,0,10,199.89999999999998
5,228,1668,2021-03-30,8,1,8,159.92
6,292,1204,2021-10-03,36,0,4,1057.84
7,195,1363,2021-03-17,36,1,7,1851.2199999999998
4,102,1744,2021-03-19,36,0,9,2380.14
5,107,1762,2021-03-21,36,0,2,528.92
4,69,1813,2021-03-13,36,0,5,1322.3
1,74,1836,2021-03-28,36,1,5,1322.3
2,170,1087,2021-08-03,42,0,8,4503.2
2,31,1367,2021-03-17,42,0,11,6191.9
7,328,1538,2021-06-03,42,0,3,1688.6999999999998
7,192,1808,2021-03-13,42,0,1,562.9
4,61,1936,2021-04-03,42,1,3,1688.6999999999998
1,214,1348,2021-03-25,33,1,4,1857.16
2,31,1367,2021-03-17,33,0,11,5107.1900000000005
6,147,1650,2021-03-30,33,0,4,1857.16
3,132,1667,2021-03-27,33,0,4,1857.16
4,102,1744,2021-03-19,33,0,6,2785.7400000000002
2,227,1837,2021-03-28,33,0,4,1857.16
3,174,1961,2021-06-03,33,0,9,4178.610000000001
6,233,2131,2021-03-31,33,0,2,928.58
2,87,1381,2021-02-03,51,1,10,1253.3
5,188,1466,2021-03-13,51,0,11,1378.6299999999999
2,236,1494,2021-03-31,51,0,3,375.99
7,133,1814,2021-03-13,51,1,4,501.32
2,228,1863,2021-05-03,51,0,9,1127.97
4,61,1936,2021-04-03,51,1,3,375.99
2,6,1938,2021-04-03,51,0,7,877.31
3,277,1201,2021-10-03,48,0,5,3026.95
6,3,1342,2021-03-21,48,1,5,3026.95
1,18,1539,2021-06-03,48,0,1,605.39
5,4,1617,2021-03-19,48,0,6,3632.34
3,132,1667,2021-03-27,48,0,7,4237.73
5,63,2138,2021-02-03,48,1,6,3632.34
5,91,1229,2021-07-03,18,1,11,9874.15
3,190,1465,2021-03-13,18,0,3,2692.95
7,329,1591,2021-06-03,18,0,4,3590.6
1,329,1959,2021-06-03,18,1,3,2692.95
2,217,2120,2021-03-30,18,0,11,9874.15
2,49,1292,2021-03-16,12,0,11,1150.3799999999999
7,81,1311,2021-03-13,12,0,7,732.06
6,3,1342,2021-03-21,12,1,4,418.32
4,61,1448,2021-03-25,12,0,4,418.32
3,47,1499,2021-03-17,12,0,1,104.58
4,151,1500,2021-03-17,12,1,1,104.58
1,18,1539,2021-06-03,12,0,5,522.9
2,204,1544,2021-05-03,12,0,11,1150.3799999999999
4,6,1700,2021-07-03,12,0,7,732.06
4,69,1813,2021-03-13,12,0,10,1045.8
3,161,1972,2021-03-03,12,0,2,209.16
2,217,2120,2021-03-30,12,0,3,313.74
3,194,1362,2021-03-17,56,0,4,22.76
4,158,1513,2021-03-03,56,1,5,28.450000000000003
3,192,1709,2021-10-03,56,0,11,62.59
3,101,1716,2021-03-23,56,0,1,5.69
5,202,1745,2021-03-19,56,0,2,11.38
2,56,1807,2021-03-31,56,1,2,11.38
6,186,2080,2021-03-13,56,1,6,34.14
4,191,2170,2021-03-13,56,0,6,34.14
2,234,1097,2021-03-31,55,0,2,5.38
1,102,1271,2021-02-03,55,1,9,24.21
4,158,1513,2021-03-03,55,1,7,18.83
2,187,1635,2021-03-13,55,0,9,24.21
3,192,1709,2021-10-03,55,0,3,8.07
3,101,1716,2021-03-23,55,0,1,2.69
4,102,1744,2021-03-19,55,0,6,16.14
7,230,1848,2021-03-30,55,0,4,10.76
6,221,2069,2021-03-26,55,0,2,5.38
5,93,1123,2021-03-18,60,0,2,9.0
1,102,1271,2021-02-03,60,1,10,45.0
6,162,1512,2021-03-03,60,0,11,49.5
4,361,2060,2021-11-03,60,1,6,27.0
4,106,2140,2021-02-03,60,0,6,27.0
2,234,1097,2021-03-31,32,0,8,44.0
2,204,1544,2021-05-03,32,0,1,5.5
5,107,1762,2021-03-21,32,0,6,33.0
7,133,1814,2021-03-13,32,1,5,27.5
2,226,1839,2021-03-28,32,0,5,27.5
3,174,1961,2021-06-03,32,0,5,27.5
2,217,2120,2021-03-30,32,0,5,27.5
5,92,1243,2021-03-19,43,0,10,26.9
4,69,1813,2021-03-13,43,0,5,13.45
7,102,2061,2021-11-03,43,0,9,24.21
2,106,2156,2021-03-24,43,1,8,21.52
1,160,1214,2021-03-03,19,0,8,38.96
2,208,1343,2021-03-21,19,1,11,53.57
3,190,1465,2021-03-13,19,0,9,43.83
5,232,1476,2021-03-31,19,0,6,29.22
1,255,1611,2021-10-03,19,0,9,43.83
7,355,1701,2021-07-03,19,0,8,38.96
3,192,1709,2021-10-03,19,0,6,29.22
1,283,1862,2021-05-03,19,0,1,4.87
6,241,1937,2021-04-03,19,0,5,24.35
4,199,1370,2021-03-17,30,0,3,29.97
6,162,1512,2021-03-03,30,0,2,19.98
6,147,1650,2021-03-30,30,0,9,89.91
3,287,1774,2021-12-03,30,0,1,9.99
5,231,1805,2021-03-31,30,1,10,99.9
6,241,1937,2021-04-03,30,0,9,89.91
4,361,2060,2021-11-03,30,1,6,59.94
5,135,2154,2021-03-24,30,1,6,59.94
2,19,1094,2021-04-03,16,0,9,70.2
7,207,1096,2021-03-20,16,1,6,46.8
1,103,1382,2021-02-03,16,0,10,78.0
6,223,1838,2021-03-28,16,0,8,62.4
6,58,1886,2021-03-26,16,0,2,15.6
2,6,1938,2021-04-03,16,0,10,78.0
5,141,1088,2021-08-03,35,0,11,29.15
2,234,1097,2021-03-31,35,0,3,7.949999999999999
4,61,1448,2021-03-25,35,0,5,13.25
6,212,1449,2021-03-25,35,0,10,26.5
6,209,1450,2021-03-25,35,0,2,5.3
2,56,1807,2021-03-31,35,1,4,10.6
7,198,1364,2021-03-17,31,0,11,28.049999999999997
5,4,1617,2021-03-19,31,0,7,17.849999999999998
7,355,1701,2021-07-03,31,0,5,12.75
2,77,1885,2021-03-26,31,1,1,2.55
5,101,2139,2021-02-03,31,1,5,12.75
6,193,1143,2021-03-17,53,0,5,13.25
6,345,1203,2021-10-03,53,1,8,21.2
1,255,1611,2021-10-03,53,0,9,23.849999999999998
2,187,1635,2021-03-13,53,0,8,21.2
3,173,1761,2021-03-21,53,0,1,2.65
1,74,1836,2021-03-28,53,1,7,18.55
4,224,1840,2021-03-28,53,0,6,15.899999999999999
2,77,1885,2021-03-26,53,1,2,5.3
6,201,1126,2021-03-18,24,0,9,25.2
7,239,1218,2021-03-31,24,0,7,19.599999999999998
1,214,1348,2021-03-25,24,1,3,8.399999999999999
4,376,1455,2021-11-03,24,0,3,8.399999999999999
3,190,1465,2021-03-13,24,0,4,11.2
4,102,1744,2021-03-19,24,0,5,14.0
2,217,2068,2021-03-26,24,0,9,25.2
5,36,2081,2021-03-13,24,0,2,5.6
2,105,2162,2021-02-03,24,0,8,22.4
7,242,1093,2021-04-03,25,0,4,15.88
4,263,1710,2021-10-03,25,0,5,19.85
6,215,1817,2021-03-25,25,1,6,23.82
5,371,2063,2021-11-03,25,0,9,35.730000000000004
7,198,1364,2021-03-17,39,0,3,14.61
6,3,1607,2021-03-26,39,0,10,48.7
3,287,1774,2021-12-03,39,0,2,9.74
7,102,2061,2021-11-03,39,0,7,34.09
7,53,2155,2021-03-24,39,1,11,53.57
4,191,2170,2021-03-13,39,0,4,19.48
1,18,1539,2021-06-03,26,0,8,41.36
5,240,1755,2021-04-03,26,1,10,51.7
7,193,1834,2021-03-28,26,0,8,41.36
6,220,2070,2021-03-26,26,0,2,10.34
2,105,2162,2021-02-03,26,0,5,25.85
5,93,1123,2021-03-18,27,0,7,39.69
7,195,1363,2021-03-17,27,1,1,5.67
2,87,1381,2021-02-03,27,1,5,28.35
2,205,1615,2021-03-19,27,1,1,5.67
7,169,1679,2021-05-03,27,0,7,39.69
2,106,2156,2021-03-24,27,1,1,5.67
1,102,1271,2021-02-03,28,1,10,59.900000000000006
3,194,1362,2021-03-17,28,0,10,59.900000000000006
6,213,1501,2021-03-25,28,1,4,23.96
4,158,1513,2021-03-03,28,1,2,11.98
4,260,1680,2021-05-03,28,0,11,65.89
2,235,1806,2021-03-31,28,0,11,65.89
2,226,1839,2021-03-28,28,0,4,23.96
2,234,1097,2021-03-31,3,0,10,64.5
4,222,1278,2021-03-26,3,1,2,12.9
7,81,1311,2021-03-13,3,0,8,51.6
4,211,1351,2021-03-25,3,0,6,38.7
4,376,1455,2021-11-03,3,0,8,51.6
6,223,1838,2021-03-28,3,0,8,51.6
6,58,1886,2021-03-26,3,0,2,12.9
2,234,1097,2021-03-31,46,0,9,58.67999999999999
6,345,1203,2021-10-03,46,1,11,71.72
3,173,1761,2021-03-21,46,0,1,6.52
3,174,1961,2021-06-03,46,0,10,65.19999999999999
1,142,2092,2021-03-16,46,0,3,19.56
4,106,2140,2021-02-03,46,0,4,26.08
3,277,1201,2021-10-03,29,0,8,55.12
6,189,1469,2021-03-13,29,0,6,41.339999999999996
2,204,1544,2021-05-03,29,0,9,62.01
2,205,1615,2021-03-19,29,1,6,41.339999999999996
2,116,1699,2021-08-03,29,0,6,41.339999999999996
2,228,1863,2021-05-03,29,0,5,34.449999999999996
7,102,2061,2021-11-03,29,0,4,27.56
3,200,1124,2021-03-18,4,0,4,28.56
6,345,1203,2021-10-03,4,1,8,57.12
2,81,1282,2021-03-28,4,1,8,57.12
3,215,1487,2021-12-03,4,1,7,49.98
6,225,1835,2021-03-28,4,0,7,49.98
2,228,1863,2021-05-03,4,0,6,42.839999999999996
7,182,1306,2021-03-24,47,0,4,30.0
3,194,1362,2021-03-17,47,0,4,30.0
3,215,1487,2021-12-03,47,1,10,75.0
4,260,1680,2021-05-03,47,0,6,45.0
3,200,1124,2021-03-18,54,0,11,85.8
3,373,1202,2021-10-03,54,1,2,15.6
1,160,1214,2021-03-03,54,0,1,7.8
3,209,1760,2021-03-21,54,0,6,46.8
2,235,1806,2021-03-31,54,0,10,78.0
7,198,1364,2021-03-17,50,0,6,47.94
2,31,1367,2021-03-17,50,0,9,71.91
4,279,1653,2021-12-03,50,0,7,55.93
3,101,1716,2021-03-23,50,0,8,63.92
2,235,1806,2021-03-31,50,0,6,47.94
2,56,1807,2021-03-31,50,1,11,87.89
3,174,1961,2021-06-03,50,0,10,79.9
3,277,1201,2021-10-03,2,0,11,475.85999999999996
6,292,1204,2021-10-03,2,0,11,475.85999999999996
7,81,1311,2021-03-13,2,0,5,216.29999999999998
2,216,1352,2021-03-25,2,0,8,346.08
4,51,1357,2021-03-23,2,0,6,259.56
6,189,1469,2021-03-13,2,0,1,43.26
6,162,1512,2021-03-03,2,0,6,259.56
2,217,2120,2021-03-30,2,0,2,86.52
6,233,2131,2021-03-31,2,0,5,216.29999999999998
5,141,1088,2021-08-03,11,0,2,179.94
6,196,1365,2021-03-17,11,0,5,449.85
4,199,1370,2021-03-17,11,0,6,539.8199999999999
5,107,1762,2021-03-21,11,0,9,809.73
3,287,1774,2021-12-03,11,0,6,539.8199999999999
7,159,1973,2021-03-03,11,1,1,89.97
6,219,1279,2021-03-26,38,1,9,53.910000000000004
2,49,1292,2021-03-16,38,0,3,17.97
2,205,1615,2021-03-19,38,1,2,11.98
2,235,1806,2021-03-31,38,0,9,53.910000000000004
2,77,1885,2021-03-26,38,1,8,47.92
3,167,1125,2021-03-18,9,0,7,139.58
3,215,1487,2021-12-03,9,1,9,179.46
2,236,1494,2021-03-31,9,0,11,219.34
4,260,1680,2021-05-03,9,0,6,119.64000000000001
4,102,1744,2021-03-19,9,0,11,219.34
6,223,1838,2021-03-28,9,0,11,219.34
6,241,1937,2021-04-03,9,0,3,59.82000000000001
4,164,2067,2021-03-26,9,0,5,99.7
3,373,1202,2021-10-03,34,1,11,504.79
6,196,1365,2021-03-17,34,0,10,458.9
2,187,1635,2021-03-13,34,0,1,45.89
3,174,1961,2021-06-03,34,0,7,321.23
2,81,1282,2021-03-28,23,1,8,1350.08
2,49,1292,2021-03-16,23,0,3,506.28
7,182,1306,2021-03-24,23,0,10,1687.6
5,4,1617,2021-03-19,23,0,6,1012.56
5,202,1745,2021-03-19,23,0,3,506.28
4,237,1969,2021-03-31,23,0,10,1687.6
7,102,2061,2021-11-03,23,0,1,168.76
3,167,1125,2021-03-18,20,0,8,523.92
5,232,1476,2021-03-31,20,0,1,65.49
3,215,1487,2021-12-03,20,1,4,261.96
6,185,1812,2021-03-13,20,0,10,654.9
6,172,1823,2021-03-23,20,1,1,65.49
3,174,1961,2021-06-03,20,0,9,589.41
5,100,2141,2021-02-03,20,0,10,654.9
1,160,1214,2021-03-03,17,0,3,389.97
5,104,1270,2021-02-03,17,1,11,1429.89
2,81,1282,2021-03-28,17,1,10,1299.9
4,211,1351,2021-03-25,17,0,11,1429.89
6,197,1369,2021-03-17,17,0,10,1299.9
5,232,1476,2021-03-31,17,0,6,779.94
2,204,1743,2021-03-19,17,0,3,389.97
2,179,1810,2021-03-13,17,0,4,519.96
2,226,1839,2021-03-28,17,0,11,1429.89
1,119,2062,2021-11-03,17,0,4,519.96
3,238,1310,2021-03-31,37,1,9,715.14
6,197,1369,2021-03-17,37,0,3,238.38
6,212,1449,2021-03-25,37,0,7,556.2199999999999
6,3,1607,2021-03-26,37,0,6,476.76
6,66,1698,2021-08-03,37,0,2,158.92
1,139,2066,2021-03-26,37,0,7,556.2199999999999
2,49,1292,2021-03-16,52,0,7,109.48
3,238,1310,2021-03-31,52,1,4,62.56
1,103,1382,2021-02-03,52,0,10,156.4
3,183,1467,2021-03-13,52,0,1,15.64
7,93,1468,2021-03-13,52,0,6,93.84
3,209,1760,2021-03-21,52,0,3,46.92
7,193,1834,2021-03-28,52,0,5,78.2
2,226,1839,2021-03-28,52,0,6,93.84
5,93,1123,2021-03-18,6,0,5,434.95
6,201,1126,2021-03-18,6,0,2,173.98
5,104,1270,2021-02-03,6,1,1,86.99
7,328,1538,2021-06-03,6,0,11,956.89
5,206,1614,2021-03-19,6,0,8,695.92
7,159,1973,2021-03-03,6,1,8,695.92
7,195,1363,2021-03-17,13,1,4,1427.96
1,255,1611,2021-10-03,13,0,10,3569.9
7,133,1814,2021-03-13,13,1,9,3212.91
6,223,1838,2021-03-28,13,0,6,2141.94
1,329,1959,2021-06-03,13,1,10,3569.9
6,345,1203,2021-10-03,40,1,7,3217.69
6,292,1204,2021-10-03,40,0,10,4596.7
7,355,1701,2021-07-03,40,0,8,3677.36
6,215,1817,2021-03-25,40,1,4,1838.68
2,6,1938,2021-04-03,40,0,6,2758.02
6,213,1501,2021-03-25,58,1,11,4963.969999999999
5,228,1668,2021-03-30,58,1,3,1353.81
6,185,1812,2021-03-13,58,0,6,2707.62
2,217,2068,2021-03-26,58,0,7,3158.89
2,170,1087,2021-08-03,41,0,1,297.5
7,239,1218,2021-03-31,41,0,11,3272.5
1,203,1219,2021-03-31,41,1,11,3272.5
5,91,1229,2021-07-03,41,1,11,3272.5
5,104,1270,2021-02-03,41,1,10,2975.0
7,93,1468,2021-03-13,41,0,7,2082.5
7,328,1538,2021-06-03,41,0,2,595.0
6,3,1607,2021-03-26,41,0,2,595.0
1,74,1836,2021-03-28,41,1,2,595.0
5,100,2141,2021-02-03,41,0,6,1785.0
7,53,2155,2021-03-24,41,1,4,1190.0
6,219,1279,2021-03-26,15,1,10,3975.4
6,9,1290,2021-03-16,15,0,1,397.54
5,210,1433,2021-03-23,15,0,5,1987.7
3,209,1760,2021-03-21,15,0,8,3180.32
2,235,1806,2021-03-31,15,0,2,795.08
2,77,1885,2021-03-26,15,1,2,795.08
5,158,1960,2021-06-03,15,0,3,1192.6200000000001
7,159,1973,2021-03-03,15,1,1,397.54
7,207,1096,2021-03-20,49,1,6,3945.2999999999997
2,208,1343,2021-03-21,49,1,3,1972.6499999999999
6,212,1449,2021-03-25,49,0,8,5260.4
3,183,1467,2021-03-13,49,0,4,2630.2
4,158,1513,2021-03-03,49,1,10,6575.5
6,139,1533,2021-03-18,49,0,11,7233.049999999999
1,18,1539,2021-06-03,49,0,11,7233.049999999999
4,260,1680,2021-05-03,49,0,2,1315.1
7,355,1701,2021-07-03,49,0,11,7233.049999999999
7,192,1808,2021-03-13,49,0,2,1315.1
6,156,1809,2021-03-13,49,0,10,6575.5
1,218,1821,2021-03-26,49,0,1,657.55
1,74,1836,2021-03-28,49,1,11,7233.049999999999
2,234,1097,2021-03-31,45,0,3,2428.68
7,81,1311,2021-03-13,45,0,4,3238.24
5,210,1433,2021-03-23,45,0,11,8905.16
2,56,1807,2021-03-31,45,1,7,5666.92
6,223,1838,2021-03-28,45,0,11,8905.16
5,149,1864,2021-05-03,45,0,7,5666.92
4,251,1082,2021-04-15,7,1,3,180.21
4,49,1175,2021-09-04,7,1,3,180.21
1,250,1454,2021-04-26,7,0,10,600.7
2,13,1871,2021-01-04,7,1,9,540.63
6,258,2027,2021-04-17,7,0,2,120.14
2,250,1480,2021-04-14,5,0,10,377.5
6,11,1789,2021-01-04,5,0,11,415.25
6,217,1189,2021-04-21,10,1,2,193.64
6,267,1264,2021-04-24,10,0,6,580.92
3,8,1353,2021-01-04,10,0,1,96.82
6,4,1595,2021-01-04,10,1,10,968.1999999999999
3,278,1800,2021-04-30,10,1,4,387.28
6,5,2107,2021-10-04,10,0,11,1065.02
4,245,1076,2021-07-04,22,0,4,173.16
2,354,1172,2021-09-04,22,0,6,259.74
7,271,1479,2021-04-27,22,1,6,259.74
4,5,1596,2021-01-04,22,0,10,432.9
5,9,1613,2021-01-04,22,0,1,43.29
3,37,1896,2021-04-20,22,1,5,216.45
6,190,2065,2021-04-25,22,0,8,346.32
6,5,2107,2021-10-04,22,0,5,216.45
5,262,2133,2021-04-21,22,1,4,173.16
1,13,1308,2021-04-13,14,0,11,229.57000000000002
3,15,1354,2021-01-04,14,0,5,104.35000000000001
7,53,1651,2021-04-30,14,0,9,187.83
7,279,1759,2021-04-30,14,1,2,41.74
6,260,1894,2021-04-20,14,0,10,208.70000000000002
4,184,1157,2021-10-04,59,1,1,15.69
2,311,1174,2021-09-04,59,1,5,78.45
2,276,1266,2021-04-29,59,0,10,156.9
7,255,1385,2021-04-16,59,0,3,47.07
3,207,1457,2021-04-17,59,0,11,172.59
2,263,1461,2021-04-22,59,0,6,94.14
6,163,1537,2021-03-04,59,0,3,47.07
1,89,2074,2021-04-21,59,0,8,125.52
6,44,2094,2021-04-15,59,0,11,172.59
1,195,2150,2021-04-16,59,1,2,31.38
6,161,1288,2021-04-30,44,0,9,79.2
2,266,1528,2021-04-24,44,0,4,35.2
1,60,1728,2021-04-25,44,1,10,88.0
1,55,1077,2021-07-04,21,1,6,15.600000000000001
4,10,1398,2021-01-04,21,0,4,10.4
3,128,1458,2021-04-17,21,0,11,28.6
5,77,1897,2021-04-04,21,1,11,28.6
7,48,2015,2021-04-20,21,1,7,18.2
6,190,2065,2021-04-25,21,0,1,2.6
6,218,1260,2021-04-30,57,0,10,100.0
1,188,1406,2021-04-14,57,1,8,80.0
7,237,1422,2021-04-16,57,0,10,100.0
2,263,1461,2021-04-22,57,0,6,60.0
2,266,1528,2021-04-24,57,0,7,70.0
2,249,1684,2021-04-30,57,1,9,90.0
4,253,1865,2021-04-15,57,0,4,40.0
1,270,2032,2021-04-25,57,0,4,40.0
7,183,1176,2021-09-04,8,1,6,119.94
4,5,1596,2021-01-04,8,0,11,219.89
3,128,1458,2021-04-17,36,0,10,2644.6
6,163,1537,2021-03-04,36,0,4,1057.84
2,275,1782,2021-04-28,36,0,5,1322.3
5,259,2014,2021-04-20,36,1,1,264.46
6,190,2065,2021-04-25,36,0,4,1057.84
1,195,2150,2021-04-16,36,1,7,1851.2199999999998
7,23,1075,2021-07-04,42,0,7,3940.2999999999997
4,184,1157,2021-10-04,42,1,8,4503.2
7,123,1208,2021-09-04,42,1,2,1125.8
1,188,1495,2021-04-17,42,1,9,5066.099999999999
5,232,2026,2021-04-17,42,0,3,1688.6999999999998
2,76,2084,2021-04-23,42,0,10,5629.0
4,245,1076,2021-07-04,33,0,3,1392.8700000000001
2,204,1872,2021-04-24,33,0,1,464.29
6,44,2094,2021-04-15,33,0,7,3250.03
6,194,2132,2021-04-21,33,0,11,5107.1900000000005
1,13,1308,2021-04-13,51,0,11,1378.6299999999999
5,260,1535,2021-04-21,51,0,11,1378.6299999999999
7,252,1738,2021-04-15,51,0,6,751.98
3,54,2082,2021-04-23,51,0,4,501.32
7,23,1075,2021-07-04,48,0,7,4237.73
5,210,1146,2021-04-22,48,1,10,6053.9
7,324,1156,2021-10-04,48,0,3,1816.17
7,15,1265,2021-04-24,48,1,10,6053.9
7,252,1738,2021-04-15,48,0,9,5448.51
4,23,1769,2021-08-04,48,1,3,1816.17
2,354,1172,2021-09-04,18,0,2,1795.3
3,257,1460,2021-04-17,18,0,7,6283.55
1,274,1478,2021-04-27,18,0,10,8976.5
1,12,1787,2021-01-04,18,0,8,7181.2
3,272,1079,2021-07-04,12,1,6,627.48
2,16,1164,2021-04-14,12,0,8,836.64
1,13,1308,2021-04-13,12,0,11,1150.3799999999999
3,15,1354,2021-01-04,12,0,7,732.06
1,14,1397,2021-01-04,12,0,9,941.22
4,10,1398,2021-01-04,12,0,4,418.32
3,128,1458,2021-04-17,12,0,1,104.58
2,155,2030,2021-04-17,12,0,7,732.06
7,33,1227,2021-04-26,56,0,6,34.14
3,180,1459,2021-04-17,56,0,4,22.76
3,32,1876,2021-04-23,56,0,2,11.38
6,211,2038,2021-04-04,56,0,8,45.52
1,89,2074,2021-04-21,56,0,3,17.07
2,354,1172,2021-09-04,1,0,3,9.99
2,311,1174,2021-09-04,1,1,3,9.99
1,13,1308,2021-04-13,1,0,1,3.33
3,8,1353,2021-01-04,1,0,10,33.3
1,270,1453,2021-04-26,1,0,3,9.99
2,108,1463,2021-02-04,1,0,11,36.63
2,13,1871,2021-01-04,1,1,11,36.63
3,1,1895,2021-04-20,1,0,9,29.97
5,77,1897,2021-04-04,1,1,11,36.63
2,76,2084,2021-04-23,1,0,11,36.63
1,113,1261,2021-04-30,55,1,6,16.14
4,220,1301,2021-11-04,55,0,10,26.9
7,237,1422,2021-04-16,55,0,5,13.45
1,251,1428,2021-04-30,55,1,7,18.83
7,64,1553,2021-04-23,55,1,5,13.45
6,163,2013,2021-04-20,55,0,2,5.38
2,11,1165,2021-04-14,60,0,4,18.0
7,33,1227,2021-04-26,60,0,5,22.5
1,13,1308,2021-04-13,60,0,11,49.5
4,265,1628,2021-09-04,60,1,5,22.5
1,136,1758,2021-04-30,60,0,10,45.0
4,253,1865,2021-04-15,60,0,6,27.0
3,1,1895,2021-04-20,60,0,8,36.0
4,29,1917,2021-04-04,60,1,7,31.5
4,251,1082,2021-04-15,32,1,4,22.0
5,210,1146,2021-04-22,32,1,8,44.0
7,183,1176,2021-09-04,32,1,2,11.0
2,229,1207,2021-09-04,32,1,11,60.5
3,363,1299,2021-11-04,32,0,8,44.0
2,236,1344,2021-04-16,32,0,3,16.5
4,265,1628,2021-09-04,32,1,1,5.5
4,318,1660,2021-08-04,32,0,1,5.5
7,268,1870,2021-04-24,32,0,6,33.0
4,131,2135,2021-04-20,32,0,11,60.5
4,220,1301,2021-11-04,43,0,1,2.69
1,69,1307,2021-04-13,43,0,9,24.21
2,263,1461,2021-04-22,43,0,4,10.76
1,274,1478,2021-04-27,43,0,4,10.76
4,265,1628,2021-09-04,43,1,7,18.83
3,272,1079,2021-07-04,19,1,7,34.09
2,16,1164,2021-04-14,19,0,8,38.96
1,188,1406,2021-04-14,19,1,2,9.74
7,64,1553,2021-04-23,19,1,11,53.57
5,9,1613,2021-01-04,19,0,7,34.09
7,269,1779,2021-04-25,19,1,9,43.83
3,1,1895,2021-04-20,19,0,2,9.74
5,329,1920,2021-10-04,19,0,5,24.35
6,258,2027,2021-04-17,19,0,11,53.57
2,76,2084,2021-04-23,19,0,8,38.96
2,236,1344,2021-04-16,30,0,1,9.99
7,237,1422,2021-04-16,30,0,1,9.99
3,96,1515,2021-10-04,30,1,7,69.93
3,132,1768,2021-08-04,30,0,5,49.95
4,29,1917,2021-04-04,30,1,1,9.99
2,155,2030,2021-04-17,30,0,8,79.92
1,270,2032,2021-04-25,30,0,2,19.98
6,44,2094,2021-04-15,30,0,9,89.91
4,131,2135,2021-04-20,30,0,10,99.9
6,242,1173,2021-09-04,16,0,6,46.8
1,113,1261,2021-04-30,16,1,6,46.8
2,236,1344,2021-04-16,16,0,6,46.8
7,24,1534,2021-04-21,16,0,10,78.0
6,11,1789,2021-01-04,16,0,5,39.0
3,37,1896,2021-04-20,16,1,10,78.0
5,232,2026,2021-04-17,16,0,8,62.4
2,76,2084,2021-04-23,16,0,3,23.4
2,311,1174,2021-09-04,35,1,3,7.949999999999999
4,49,1175,2021-09-04,35,1,4,10.6
7,33,1227,2021-04-26,35,0,6,15.899999999999999
5,38,1286,2021-04-30,35,0,7,18.55
6,114,1569,2021-08-04,35,0,5,13.25
3,365,1842,2021-10-04,35,0,11,29.15
3,180,1459,2021-04-17,31,0,10,25.5
1,254,1492,2021-04-16,31,0,11,28.049999999999997
4,65,1421,2021-04-16,53,0,8,21.2
3,128,1458,2021-04-17,53,0,7,18.55
2,249,1684,2021-04-30,53,1,5,13.25
7,324,1156,2021-10-04,24,0,5,14.0
2,354,1172,2021-09-04,24,0,1,2.8
4,10,1398,2021-01-04,24,0,3,8.399999999999999
3,54,2082,2021-04-23,24,0,3,8.399999999999999
2,311,1174,2021-09-04,25,1,1,3.97
7,183,1176,2021-09-04,25,1,2,7.94
1,12,1787,2021-01-04,25,0,8,31.76
4,344,1235,2021-12-04,39,1,9,43.83
1,270,1453,2021-04-26,39,0,9,43.83
6,258,2027,2021-04-17,39,0,6,29.22
4,277,2064,2021-04-29,39,0,2,9.74
1,195,2150,2021-04-16,39,1,1,4.87
1,107,1217,2021-02-04,26,0,8,41.36
3,8,1353,2021-01-04,26,0,11,56.87
7,269,1779,2021-04-25,26,1,2,10.34
7,268,1870,2021-04-24,26,0,6,31.02
3,32,1876,2021-04-23,26,0,1,5.17
3,37,1896,2021-04-20,26,1,3,15.51
6,217,1189,2021-04-21,27,1,4,22.68
1,113,1261,2021-04-30,27,1,5,28.35
6,289,1436,2021-08-04,27,0,11,62.37
3,257,1460,2021-04-17,27,0,8,45.36
2,266,1528,2021-04-24,27,0,5,28.35
6,163,1537,2021-03-04,27,0,6,34.019999999999996
3,73,1619,2021-11-04,27,0,8,45.36
1,12,1787,2021-01-04,27,0,7,39.69
1,14,1397,2021-01-04,28,0,2,11.98
7,109,1491,2021-04-16,28,1,6,35.94
4,232,1824,2021-04-14,28,1,5,29.950000000000003
4,29,1917,2021-04-04,28,1,4,23.96
6,258,2027,2021-04-17,28,0,2,11.98
2,11,1165,2021-04-14,3,0,1,6.45
7,112,1493,2021-04-16,3,0,11,70.95
3,96,1515,2021-10-04,3,1,3,19.35
6,4,1595,2021-01-04,3,1,3,19.35
6,217,1189,2021-04-21,46,1,4,26.08
4,220,1301,2021-11-04,46,0,10,65.19999999999999
4,318,1660,2021-08-04,46,0,4,26.08
3,278,1800,2021-04-30,46,1,5,32.599999999999994
6,190,2065,2021-04-25,46,0,10,65.19999999999999
3,167,1287,2021-04-30,29,0,3,20.669999999999998
3,8,1353,2021-01-04,29,0,8,55.12
7,255,1385,2021-04-16,29,0,2,13.78
6,289,1436,2021-08-04,29,0,3,20.669999999999998
7,53,1651,2021-04-30,29,0,9,62.01
2,76,2084,2021-04-23,29,0,7,48.23
3,73,1619,2021-11-04,4,0,1,7.14
4,265,1628,2021-09-04,4,1,8,57.12
3,1,1895,2021-04-20,4,0,1,7.14
7,23,1075,2021-07-04,47,0,6,45.0
3,46,1190,2021-04-21,47,0,4,30.0
7,265,1395,2021-04-23,47,0,2,15.0
7,264,1396,2021-04-23,47,0,5,37.5
3,37,1896,2021-04-20,47,1,10,75.0
3,305,2106,2021-10-04,47,0,8,60.0
4,184,1157,2021-10-04,54,1,1,7.8
3,257,1460,2021-04-17,54,0,11,85.8
4,318,1660,2021-08-04,54,0,7,54.6
3,278,1800,2021-04-30,54,1,5,39.0
5,112,1801,2021-04-24,54,0,7,54.6
6,211,2038,2021-04-04,54,0,1,7.8
2,153,1171,2021-09-04,50,1,7,55.93
1,136,1758,2021-04-30,50,0,3,23.97
7,269,1779,2021-04-25,50,1,8,63.92
1,55,1077,2021-07-04,2,1,2,86.52
2,82,1209,2021-09-04,2,0,4,173.04
3,257,1460,2021-04-17,2,0,5,216.29999999999998
3,79,2029,2021-04-17,2,0,7,302.82
6,217,1189,2021-04-21,11,1,9,809.73
6,218,1260,2021-04-30,11,0,6,539.8199999999999
6,161,1288,2021-04-30,11,0,10,899.7
4,220,1301,2021-11-04,11,0,10,899.7
2,154,1384,2021-04-16,11,0,6,539.8199999999999
3,257,1460,2021-04-17,11,0,2,179.94
3,272,1654,2021-04-27,11,1,7,629.79
7,279,1759,2021-04-30,11,1,5,449.85
4,7,1788,2021-01-04,11,0,2,179.94
3,46,1190,2021-04-21,38,0,11,65.89
7,33,1227,2021-04-26,38,0,11,65.89
4,344,1235,2021-12-04,38,1,10,59.900000000000006
4,220,1301,2021-11-04,38,0,2,11.98
7,279,1759,2021-04-30,38,1,11,65.89
3,132,1768,2021-08-04,38,0,4,23.96
4,277,2064,2021-04-29,38,0,5,29.950000000000003
3,356,1078,2021-07-04,9,1,5,99.7
7,376,1300,2021-11-04,9,0,7,139.58
1,13,1308,2021-04-13,9,0,6,119.64000000000001
7,261,1323,2021-04-20,9,0,4,79.76
2,236,1344,2021-04-16,9,0,1,19.94
2,250,1480,2021-04-14,9,0,5,99.7
4,216,1655,2021-04-27,9,0,6,119.64000000000001
5,6,1790,2021-01-04,9,0,11,219.34
1,150,2028,2021-04-17,9,0,8,159.52
4,245,1076,2021-07-04,34,0,10,458.9
5,112,1801,2021-04-24,34,0,9,413.01
6,211,2038,2021-04-04,34,0,7,321.23
7,154,1070,2021-04-21,23,0,6,1012.56
2,108,1463,2021-02-04,23,0,2,337.52
4,216,1655,2021-04-27,23,0,5,843.8
4,7,1788,2021-01-04,23,0,1,168.76
5,112,1801,2021-04-24,23,0,9,1518.84
7,154,1070,2021-04-21,20,0,4,261.96
1,270,1453,2021-04-26,20,0,6,392.93999999999994
6,11,1789,2021-01-04,20,0,5,327.45
3,79,2029,2021-04-17,20,0,4,261.96
1,25,1263,2021-04-24,17,0,2,259.98
4,10,1398,2021-01-04,17,0,8,1039.92
2,83,1435,2021-08-04,17,0,1,129.99
6,120,1982,2021-04-23,17,0,1,129.99
1,256,1248,2021-04-16,37,0,5,397.29999999999995
1,113,1261,2021-04-30,37,1,9,715.14
7,237,1422,2021-04-16,37,0,4,317.84
1,251,1428,2021-04-30,37,1,4,317.84
1,270,1453,2021-04-26,37,0,10,794.5999999999999
5,243,1916,2021-04-04,37,0,1,79.46
4,184,1157,2021-10-04,52,1,3,46.92
7,376,1300,2021-11-04,52,0,3,46.92
1,251,1428,2021-04-30,52,1,9,140.76
7,109,1491,2021-04-16,52,1,8,125.12
4,251,1082,2021-04-15,6,1,5,434.95
6,161,1288,2021-04-30,6,0,1,86.99
3,15,1354,2021-01-04,6,0,3,260.96999999999997
7,48,2015,2021-04-20,6,1,8,695.92
6,211,2038,2021-04-04,6,0,6,521.9399999999999
7,264,1396,2021-04-23,13,0,10,3569.9
6,289,1436,2021-08-04,13,0,3,1070.97
1,250,1454,2021-04-26,13,0,8,2855.92
3,128,1458,2021-04-17,13,0,1,356.99
6,4,1595,2021-01-04,13,1,3,1070.97
6,260,1894,2021-04-20,13,0,3,1070.97
4,215,1236,2021-12-04,40,1,5,2298.35
2,263,1461,2021-04-22,40,0,1,459.67
6,281,1507,2021-04-30,40,0,8,3677.36
3,96,1515,2021-10-04,40,1,5,2298.35
1,60,1728,2021-04-25,40,1,2,919.34
4,184,1157,2021-10-04,58,1,4,1805.08
7,78,1167,2021-03-04,58,0,3,1353.81
1,136,1758,2021-04-30,58,0,3,1353.81
3,185,1919,2021-10-04,58,1,8,3610.16
5,329,1920,2021-10-04,58,0,4,1805.08
2,311,1174,2021-09-04,41,1,3,892.5
2,83,1435,2021-08-04,41,0,5,1487.5
3,1,1895,2021-04-20,41,0,2,595.0
3,37,1896,2021-04-20,41,1,11,3272.5
5,243,1916,2021-04-04,41,0,6,1785.0
6,120,1982,2021-04-23,41,0,9,2677.5
1,280,2073,2021-04-30,41,0,2,595.0
6,218,1260,2021-04-30,15,0,5,1987.7
4,220,1301,2021-11-04,15,0,2,795.08
1,14,1397,2021-01-04,15,0,4,1590.16
2,108,1463,2021-02-04,15,0,8,3180.32
4,249,1481,2021-04-14,15,1,4,1590.16
6,281,1507,2021-04-30,15,0,2,795.08
4,318,1660,2021-08-04,15,0,9,3577.86
4,23,1769,2021-08-04,15,1,2,795.08
2,76,2084,2021-04-23,15,0,9,3577.86
2,273,1656,2021-04-27,49,0,9,5917.95
1,148,1781,2021-04-28,49,0,9,5917.95
5,259,2014,2021-04-20,49,1,5,3287.75
5,27,1063,2021-04-15,45,0,11,8905.16
7,109,1491,2021-04-16,45,1,6,4857.36
7,291,1394,2021-05-13,7,0,1,60.07
7,251,1523,2021-05-19,7,1,10,600.7
3,146,1526,2021-03-05,7,1,6,360.42
3,296,1588,2021-05-14,7,0,11,660.77
7,318,1696,2021-05-23,7,0,9,540.63
3,133,1918,2021-05-19,7,0,11,660.77
5,15,1226,2021-04-05,5,0,11,415.25
2,290,1358,2021-05-13,5,0,3,113.25
6,176,1371,2021-04-05,5,1,8,302.0
7,292,1391,2021-05-13,5,1,1,37.75
1,306,1575,2021-05-16,5,0,6,226.5
6,140,1632,2021-05-18,5,0,2,75.5
2,145,1859,2021-05-19,5,0,5,188.75
1,291,1903,2021-05-29,5,0,4,151.0
3,192,1928,2021-05-14,5,0,1,37.75
6,196,2071,2021-04-05,5,0,7,264.25
5,33,2104,2021-05-30,5,1,2,75.5
1,164,2136,2021-03-05,5,0,7,264.25
3,319,2174,2021-05-25,5,0,8,302.0
4,269,1496,2021-08-05,10,0,10,968.1999999999999
7,146,1547,2021-07-05,10,0,11,1065.02
7,323,1770,2021-05-27,10,0,3,290.46
7,103,1804,2021-05-22,10,1,7,677.74
5,12,1997,2021-12-05,10,0,9,871.3799999999999
4,190,2105,2021-05-30,10,0,5,484.09999999999997
4,282,1148,2021-05-14,22,1,2,86.58
6,297,1200,2021-05-14,22,0,11,476.19
3,33,1622,2021-05-20,22,0,7,303.03
5,166,1942,2021-05-14,22,1,6,259.74
5,177,1945,2021-05-14,22,0,6,259.74
5,33,2104,2021-05-30,22,1,5,216.45
6,303,1170,2021-05-15,14,1,9,187.83
1,245,1225,2021-04-05,14,1,11,229.57000000000002
2,293,1393,2021-05-13,14,0,10,208.70000000000002
1,306,1575,2021-05-16,14,0,6,125.22
3,33,1622,2021-05-20,14,0,5,104.35000000000001
4,312,1802,2021-05-22,14,0,2,41.74
7,103,1804,2021-05-22,14,1,7,146.09
7,244,1843,2021-12-05,14,0,5,104.35000000000001
1,301,1929,2021-05-14,14,0,3,62.61
5,111,1383,2021-02-05,59,0,11,172.59
3,30,1546,2021-07-05,59,0,5,78.45
1,306,1575,2021-05-16,59,0,8,125.52
5,240,1630,2021-05-18,59,1,11,172.59
3,286,1737,2021-05-05,59,0,3,47.07
7,104,1926,2021-05-30,59,0,11,172.59
5,321,2044,2021-05-26,59,0,11,172.59
6,320,2045,2021-05-26,59,0,7,109.83
1,237,1252,2021-08-05,44,0,10,88.0
2,12,1592,2021-05-18,44,0,8,70.4
7,247,1594,2021-05-18,44,0,3,26.400000000000002
3,33,1622,2021-05-20,44,0,2,17.6
7,314,1623,2021-05-20,44,1,11,96.80000000000001
3,311,1724,2021-05-19,44,0,3,26.400000000000002
1,78,1878,2021-05-19,44,1,3,26.400000000000002
2,46,2101,2021-02-05,44,1,1,8.8
2,224,1168,2021-05-15,21,1,5,13.0
6,100,1169,2021-05-15,21,0,9,23.400000000000002
6,176,1371,2021-04-05,21,1,7,18.2
1,177,1470,2021-05-27,21,1,1,2.6
4,324,1899,2021-05-28,21,0,4,10.4
7,104,1926,2021-05-30,21,0,11,28.6
7,264,1931,2021-05-14,21,0,9,23.400000000000002
4,300,1968,2021-05-14,21,0,8,20.8
3,88,1548,2021-07-05,57,0,10,100.0
3,4,1672,2021-11-05,57,0,11,110.0
5,202,1277,2021-12-05,8,0,6,119.94
3,223,1439,2021-05-19,8,0,4,79.96
4,19,1593,2021-05-18,8,0,10,199.89999999999998
1,312,1879,2021-05-20,8,1,8,159.92
7,264,1931,2021-05-14,8,0,4,79.96
7,45,1430,2021-06-05,36,0,10,2644.6
1,308,1441,2021-05-19,36,1,11,2909.06
5,224,1711,2021-07-05,36,0,3,793.3799999999999
7,3,1908,2021-05-05,36,0,5,1322.3
3,88,1548,2021-07-05,42,0,1,562.9
6,140,1632,2021-05-18,42,0,8,4503.2
3,4,1672,2021-11-05,42,0,1,562.9
1,286,1695,2021-05-23,42,1,6,3377.3999999999996
7,128,1803,2021-05-22,42,0,11,6191.9
7,269,1905,2021-05-05,42,0,5,2814.5
1,238,1933,2021-05-27,42,0,10,5629.0
4,256,1934,2021-05-27,42,0,7,3940.2999999999997
2,126,2103,2021-05-30,42,0,10,5629.0
6,79,1374,2021-04-05,33,0,3,1392.8700000000001
3,165,1527,2021-03-05,33,0,4,1857.16
4,19,1593,2021-05-18,33,0,4,1857.16
1,233,1621,2021-05-20,33,0,2,928.58
6,317,1639,2021-05-23,33,0,3,1392.8700000000001
2,211,1751,2021-05-05,33,1,1,464.29
2,22,2001,2021-05-25,33,1,11,5107.1900000000005
4,295,2091,2021-11-05,33,0,8,3714.32
1,298,1587,2021-05-14,51,0,11,1378.6299999999999
1,286,1695,2021-05-23,51,1,1,125.33
3,311,1724,2021-05-19,51,0,10,1253.3
3,133,1918,2021-05-19,51,0,6,751.98
4,256,1934,2021-05-27,51,0,6,751.98
4,93,2100,2021-02-05,51,0,10,1253.3
2,290,1358,2021-05-13,48,0,4,2421.56
6,10,1373,2021-04-05,48,0,11,6659.29
1,305,1401,2021-05-15,48,1,11,6659.29
5,111,2144,2021-06-05,48,1,7,4237.73
2,276,1089,2021-05-29,18,1,10,8976.5
6,79,1374,2021-04-05,18,0,2,1795.3
7,309,1440,2021-05-19,18,1,4,3590.6
3,154,1925,2021-05-30,18,0,3,2692.95
4,300,1968,2021-05-14,18,0,8,7181.2
4,159,2085,2021-05-22,18,0,6,5385.9
6,231,1179,2021-05-21,12,0,5,522.9
6,70,1633,2021-05-18,12,1,6,627.48
4,300,1968,2021-05-14,12,0,7,732.06
6,196,2071,2021-04-05,12,0,5,522.9
5,289,1180,2021-05-21,56,0,6,34.14
4,269,1496,2021-08-05,56,0,5,28.450000000000003
2,322,1506,2021-05-29,56,0,10,56.900000000000006
7,116,1524,2021-05-19,56,0,8,45.52
5,315,1624,2021-05-20,56,0,7,39.830000000000005
3,280,1935,2021-05-27,56,0,8,45.52
2,290,1358,2021-05-13,1,0,8,26.64
7,264,1931,2021-05-14,1,0,4,13.32
7,295,1944,2021-05-14,1,0,7,23.310000000000002
4,93,2100,2021-02-05,1,0,2,6.66
7,244,1452,2021-04-05,55,0,10,26.9
7,251,1523,2021-05-19,55,1,9,24.21
7,318,1696,2021-05-23,55,0,9,24.21
7,313,2034,2021-05-20,55,1,9,24.21
4,93,2100,2021-02-05,55,0,1,2.69
4,70,2137,2021-03-05,55,0,8,21.52
7,134,1438,2021-05-19,60,1,6,27.0
1,177,1470,2021-05-27,60,1,8,36.0
6,70,1633,2021-05-18,60,1,2,9.0
5,224,1711,2021-07-05,60,0,7,31.5
4,310,1780,2021-05-19,60,1,6,27.0
7,128,1803,2021-05-22,60,0,8,36.0
3,288,1902,2021-05-29,60,1,8,36.0
7,269,1905,2021-05-05,60,0,7,31.5
1,62,2000,2021-12-05,60,1,8,36.0
5,321,2044,2021-05-26,60,0,11,49.5
5,33,2104,2021-05-30,60,1,7,31.5
7,246,1224,2021-04-05,32,0,1,5.5
3,88,1548,2021-07-05,32,0,9,49.5
4,307,1562,2021-05-18,32,0,2,11.0
6,237,1629,2021-05-18,32,0,7,38.5
4,246,1771,2021-05-27,32,1,1,5.5
6,86,1400,2021-05-15,43,0,2,5.38
4,19,1593,2021-05-18,43,0,7,18.83
2,369,1636,2021-08-05,43,1,11,29.59
4,229,1712,2021-11-05,43,0,6,16.14
6,284,1750,2021-05-05,43,0,2,5.38
1,285,1752,2021-05-05,43,0,10,26.9
5,321,2044,2021-05-26,43,0,6,16.14
6,237,1629,2021-05-18,19,0,4,19.48
7,212,1694,2021-05-23,19,0,10,48.7
6,284,1750,2021-05-05,19,0,9,43.83
4,160,1900,2021-05-29,19,0,10,48.7
7,264,1931,2021-05-14,19,0,8,38.96
4,269,1496,2021-08-05,30,0,6,59.94
2,16,1555,2021-01-05,30,0,8,79.92
3,105,1798,2021-05-15,30,1,5,49.95
7,269,1905,2021-05-05,30,0,3,29.97
6,320,2045,2021-05-26,30,0,6,59.94
3,319,2174,2021-05-25,30,0,4,39.96
6,79,1374,2021-04-05,16,0,9,70.2
7,292,1391,2021-05-13,16,1,1,7.8
1,177,1470,2021-05-27,16,1,6,46.8
3,296,1588,2021-05-14,16,0,6,46.8
7,3,1908,2021-05-05,16,0,9,70.2
3,133,1918,2021-05-19,16,0,6,46.8
1,301,1929,2021-05-14,16,0,2,15.6
6,303,1170,2021-05-15,35,1,3,7.949999999999999
1,237,1252,2021-08-05,35,0,8,21.2
1,52,1359,2021-05-28,35,0,11,29.15
5,85,1540,2021-12-05,35,0,8,21.2
2,96,1583,2021-06-05,35,0,11,29.15
3,33,1622,2021-05-20,35,0,1,2.65
4,312,1802,2021-05-22,35,0,3,7.949999999999999
4,170,1846,2021-12-05,35,1,2,5.3
1,39,1906,2021-12-05,35,1,4,10.6
2,16,1555,2021-01-05,31,0,7,17.849999999999998
6,70,1633,2021-05-18,31,1,7,17.849999999999998
3,286,1737,2021-05-05,31,0,5,12.75
4,246,1771,2021-05-27,31,1,4,10.2
6,316,1947,2021-05-22,31,0,11,28.049999999999997
5,33,2104,2021-05-30,31,1,11,28.049999999999997
7,251,1523,2021-05-19,53,1,3,7.949999999999999
2,369,1636,2021-08-05,53,1,1,2.65
4,216,1666,2021-06-05,53,0,1,2.65
7,326,1671,2021-11-05,53,1,1,2.65
6,302,1799,2021-05-15,53,1,4,10.6
7,128,1803,2021-05-22,53,0,4,10.6
4,380,1844,2021-12-05,53,1,10,26.5
1,78,1878,2021-05-19,53,1,6,15.899999999999999
3,107,1941,2021-05-14,53,0,1,2.65
2,126,2103,2021-05-30,53,0,4,10.6
6,303,1170,2021-05-15,24,1,2,5.6
1,52,1359,2021-05-28,24,0,7,19.599999999999998
3,192,1928,2021-05-14,24,0,6,16.799999999999997
6,316,1947,2021-05-22,24,0,11,30.799999999999997
3,223,1439,2021-05-19,25,0,11,43.67
3,33,1622,2021-05-20,25,0,7,27.790000000000003
7,212,1694,2021-05-23,25,0,11,43.67
4,65,1860,2021-05-19,25,0,6,23.82
4,194,1880,2021-05-20,25,0,3,11.91
5,166,1942,2021-05-14,25,1,4,15.88
2,290,1358,2021-05-13,39,0,6,29.22
1,305,1401,2021-05-15,39,1,9,43.83
6,140,1632,2021-05-18,39,0,11,53.57
3,105,1798,2021-05-15,39,1,7,34.09
1,241,1932,2021-05-14,39,0,2,9.74
3,280,1935,2021-05-27,39,0,10,48.7
5,181,1372,2021-04-05,26,0,10,51.7
7,103,1804,2021-05-22,26,1,6,31.02
1,312,1879,2021-05-20,26,1,10,51.7
4,160,1900,2021-05-29,26,0,2,10.34
1,241,1932,2021-05-14,26,0,3,15.51
3,30,1546,2021-07-05,27,0,2,11.34
7,247,1594,2021-05-18,27,0,11,62.37
2,145,1859,2021-05-19,27,0,6,34.019999999999996
4,65,1860,2021-05-19,27,0,1,5.67
4,70,2137,2021-03-05,27,0,2,11.34
1,237,1252,2021-08-05,28,0,6,35.94
1,305,1401,2021-05-15,28,1,8,47.92
7,134,1438,2021-05-19,28,1,5,29.950000000000003
5,315,1624,2021-05-20,28,0,2,11.98
6,317,1639,2021-05-23,28,0,5,29.950000000000003
4,246,1771,2021-05-27,28,1,8,47.92
6,278,1943,2021-05-14,28,1,9,53.910000000000004
5,111,2144,2021-06-05,28,1,6,35.94
2,322,1564,2021-05-27,3,0,4,25.8
4,65,1860,2021-05-19,3,0,3,19.35
1,301,1929,2021-05-14,3,0,11,70.95
6,187,1998,2021-12-05,3,0,3,19.35
1,233,1621,2021-05-20,46,0,1,6.52
6,70,1633,2021-05-18,46,1,6,39.12
2,224,1168,2021-05-15,29,1,5,34.449999999999996
6,140,1632,2021-05-18,29,0,3,20.669999999999998
5,166,1942,2021-05-14,29,1,4,27.56
2,304,1399,2021-05-15,4,0,2,14.28
7,128,1803,2021-05-22,4,0,7,49.98
1,62,2000,2021-12-05,4,1,2,14.28
6,303,1170,2021-05-15,47,1,1,7.5
5,14,1390,2021-05-13,47,0,1,7.5
7,244,1452,2021-04-05,47,0,6,45.0
2,322,1564,2021-05-27,47,0,3,22.5
4,261,1580,2021-11-05,47,0,2,15.0
6,70,1633,2021-05-18,47,1,7,52.5
3,325,1927,2021-05-30,47,0,10,75.0
2,294,1930,2021-05-14,47,1,9,67.5
7,60,1664,2021-06-05,54,0,8,62.4
4,160,1900,2021-05-29,54,0,8,62.4
7,70,1990,2021-06-05,54,0,2,15.6
1,237,1252,2021-08-05,50,0,8,63.92
4,269,1496,2021-08-05,50,0,2,15.98
7,203,1536,2021-05-29,50,0,9,71.91
4,312,1802,2021-05-22,50,0,3,23.97
2,224,1168,2021-05-15,2,1,6,259.56
7,309,1440,2021-05-19,2,1,7,302.82
4,19,1593,2021-05-18,2,0,10,432.59999999999997
7,104,1926,2021-05-30,2,0,1,43.26
7,45,1128,2021-05-19,11,0,6,539.8199999999999
1,245,1225,2021-04-05,11,1,8,719.76
6,302,1525,2021-05-19,11,0,8,719.76
3,296,1588,2021-05-14,11,0,10,899.7
1,312,1879,2021-05-20,11,1,4,359.88
7,264,1931,2021-05-14,11,0,9,809.73
1,74,1989,2021-06-05,11,0,5,449.85
7,313,2034,2021-05-20,11,1,11,989.67
4,159,2085,2021-05-22,11,0,2,179.94
2,293,1393,2021-05-13,38,0,3,17.97
4,276,1545,2021-07-05,38,0,6,35.94
1,306,1575,2021-05-16,38,0,9,53.910000000000004
7,247,1594,2021-05-18,38,0,6,35.94
3,33,1622,2021-05-20,38,0,7,41.93
6,237,1629,2021-05-18,38,0,7,41.93
4,229,1712,2021-11-05,38,0,3,17.97
6,302,1799,2021-05-15,38,1,6,35.94
5,166,1942,2021-05-14,38,1,9,53.910000000000004
7,110,2099,2021-02-05,38,1,11,65.89
3,157,1434,2021-05-18,9,0,6,119.64000000000001
3,30,1546,2021-07-05,9,0,7,139.58
1,233,1621,2021-05-20,9,0,8,159.52
7,244,1843,2021-12-05,9,0,4,79.76
7,264,1931,2021-05-14,9,0,4,79.76
5,182,1999,2021-12-05,9,0,10,199.4
6,109,2036,2021-02-05,9,0,5,99.7
6,196,2071,2021-04-05,9,0,5,99.7
4,190,2105,2021-05-30,9,0,11,219.34
7,45,1430,2021-06-05,34,0,9,413.01
6,70,1633,2021-05-18,34,1,5,229.45
2,144,1657,2021-05-14,34,0,7,321.23
4,37,1847,2021-12-05,34,1,8,367.12
7,47,1877,2021-05-19,34,1,2,91.78
3,288,1902,2021-05-29,34,1,8,367.12
1,62,2000,2021-12-05,34,1,4,183.56
2,290,1358,2021-05-13,23,0,6,1012.56
7,45,1430,2021-06-05,23,0,8,1350.08
4,269,1496,2021-08-05,23,0,1,168.76
2,83,1631,2021-05-18,23,0,3,506.28
7,103,1804,2021-05-22,23,1,3,506.28
4,170,1846,2021-12-05,23,1,11,1856.36
4,65,1860,2021-05-19,23,0,10,1687.6
6,283,1065,2021-05-28,20,0,11,720.39
1,237,1252,2021-08-05,20,0,9,589.41
5,111,1383,2021-02-05,20,0,10,654.9
7,292,1391,2021-05-13,20,1,8,523.92
3,30,1546,2021-07-05,20,0,7,458.42999999999995
7,323,1665,2021-06-05,20,1,3,196.46999999999997
4,219,1740,2021-05-18,20,0,6,392.93999999999994
7,244,1843,2021-12-05,20,0,11,720.39
1,312,1879,2021-05-20,20,1,8,523.92
1,114,1988,2021-06-05,20,0,10,654.9
2,126,2103,2021-05-30,20,0,10,654.9
3,8,1127,2021-05-19,17,1,10,1299.9
4,299,1147,2021-05-14,17,0,1,129.99
3,30,1546,2021-07-05,17,0,5,649.95
5,176,1845,2021-12-05,17,0,8,1039.92
5,177,1945,2021-05-14,17,0,6,779.94
6,187,1998,2021-12-05,17,0,10,1299.9
6,303,1170,2021-05-15,37,1,5,397.29999999999995
6,176,1371,2021-04-05,37,1,7,556.2199999999999
3,311,1724,2021-05-19,37,0,5,397.29999999999995
3,288,1902,2021-05-29,37,1,6,476.76
2,293,1393,2021-05-13,52,0,2,31.28
4,170,1846,2021-12-05,52,1,2,31.28
3,8,1127,2021-05-19,6,1,4,347.96
1,245,1225,2021-04-05,6,1,2,173.98
6,79,1374,2021-04-05,6,0,8,695.92
5,111,1383,2021-02-05,6,0,5,434.95
6,86,1400,2021-05-15,6,0,9,782.91
3,223,1439,2021-05-19,6,0,3,260.96999999999997
4,269,1496,2021-08-05,6,0,11,956.89
7,103,1804,2021-05-22,6,1,7,608.93
6,278,1943,2021-05-14,6,1,8,695.92
5,177,1945,2021-05-14,6,0,1,86.99
7,246,1224,2021-04-05,13,0,5,1784.95
1,177,1470,2021-05-27,13,1,1,356.99
6,303,1170,2021-05-15,40,1,5,2298.35
6,297,1200,2021-05-14,40,0,5,2298.35
2,290,1358,2021-05-13,40,0,10,4596.7
3,88,1548,2021-07-05,40,0,4,1838.68
5,259,1881,2021-05-20,40,0,3,1379.01
3,154,1925,2021-05-30,40,0,2,919.34
3,192,1928,2021-05-14,40,0,3,1379.01
4,300,1968,2021-05-14,40,0,5,2298.35
4,282,1148,2021-05-14,58,1,6,2707.62
2,293,1393,2021-05-13,58,0,10,4512.7
6,302,1525,2021-05-19,58,0,11,4963.969999999999
7,318,1696,2021-05-23,58,0,2,902.54
6,302,1799,2021-05-15,58,1,1,451.27
1,114,1988,2021-06-05,58,0,1,451.27
6,283,1065,2021-05-28,41,0,10,2975.0
3,146,1526,2021-03-05,41,1,2,595.0
4,37,1847,2021-12-05,41,1,10,2975.0
7,104,1926,2021-05-30,41,0,5,1487.5
3,325,1927,2021-05-30,41,0,5,1487.5
3,192,1928,2021-05-14,41,0,5,1487.5
3,107,1941,2021-05-14,41,0,1,297.5
4,159,2085,2021-05-22,41,0,9,2677.5
4,93,2100,2021-02-05,41,0,11,3272.5
7,246,1224,2021-04-05,15,0,6,2385.2400000000002
1,162,1579,2021-11-05,15,0,9,3577.86
2,12,1592,2021-05-18,15,0,11,4372.9400000000005
1,233,1621,2021-05-20,15,0,2,795.08
4,216,1666,2021-06-05,15,0,9,3577.86
7,206,2072,2021-04-05,15,0,10,3975.4
4,190,2105,2021-05-30,15,0,4,1590.16
7,45,1430,2021-06-05,49,0,9,5917.95
4,19,1593,2021-05-18,49,0,10,6575.5
7,247,1594,2021-05-18,49,0,10,6575.5
1,301,1929,2021-05-14,49,0,3,1972.6499999999999
1,245,1225,2021-04-05,45,1,8,6476.48
2,293,1393,2021-05-13,45,0,1,809.56
5,321,2044,2021-05-26,45,0,8,6476.48
7,206,2072,2021-04-05,45,0,4,3238.24
3,140,1073,2021-06-24,7,0,7,420.49
1,362,1098,2021-10-06,7,1,11,660.77
2,365,1116,2021-08-06,7,1,9,540.63
7,213,1601,2021-11-06,7,0,1,60.07
4,18,2143,2021-01-06,7,0,5,300.35
4,371,1502,2021-10-06,5,0,9,339.75
2,342,1577,2021-06-19,5,1,7,264.25
5,346,1608,2021-06-25,5,1,7,264.25
3,339,1638,2021-06-18,5,1,1,37.75
2,226,1676,2021-06-29,5,0,5,188.75
5,115,1882,2021-03-06,5,1,5,188.75
5,28,2011,2021-06-16,5,0,4,151.0
2,314,2089,2021-06-22,5,0,4,151.0
2,341,1520,2021-06-29,10,0,4,387.28
2,101,1792,2021-12-06,10,1,6,580.92
2,375,2090,2021-10-06,10,0,11,1065.02
1,362,1098,2021-10-06,22,1,11,476.19
6,313,1120,2021-09-06,22,1,4,173.16
6,41,1378,2021-06-17,22,1,10,432.9
2,22,1691,2021-01-06,22,0,5,216.45
7,132,1820,2021-06-26,22,0,3,129.87
4,172,1957,2021-03-06,22,1,8,346.32
2,159,2159,2021-08-06,22,1,2,86.58
1,51,2166,2021-06-21,22,0,5,216.45
7,292,1117,2021-08-06,14,1,8,166.96
1,328,1257,2021-06-21,14,1,11,229.57000000000002
5,92,1850,2021-04-06,14,1,2,41.74
6,236,2056,2021-06-19,14,1,10,208.70000000000002
4,315,1159,2021-06-20,59,0,8,125.52
3,193,1415,2021-06-16,59,0,6,94.14
4,321,1425,2021-06-22,59,1,3,47.07
2,342,1577,2021-06-19,59,1,10,156.9
6,341,1578,2021-06-19,59,0,11,172.59
5,333,1649,2021-06-16,59,0,10,156.9
2,314,2089,2021-06-22,59,0,9,141.21
3,27,2158,2021-08-06,59,0,1,15.69
2,365,1112,2021-10-06,44,1,8,70.4
2,283,1150,2021-06-20,44,0,6,52.800000000000004
3,332,1151,2021-06-16,44,0,5,44.0
6,108,1163,2021-06-26,44,0,2,17.6
3,29,1237,2021-06-13,44,0,1,8.8
4,321,1425,2021-06-22,44,1,2,17.6
4,330,1443,2021-06-15,44,0,2,17.6
1,331,1673,2021-06-29,44,1,9,79.2
6,331,1785,2021-06-15,44,1,11,96.80000000000001
7,132,1820,2021-06-26,44,0,7,61.60000000000001
6,171,1949,2021-03-06,44,0,1,8.8
4,172,1957,2021-03-06,44,1,9,79.2
6,313,1120,2021-09-06,21,1,2,5.2
6,349,1192,2021-06-29,21,0,3,7.800000000000001
6,50,1412,2021-06-29,21,0,11,28.6
7,315,1640,2021-10-06,21,0,5,13.0
1,230,2010,2021-06-16,21,1,10,26.0
1,11,2087,2021-10-06,21,0,9,23.400000000000002
2,314,2089,2021-06-22,21,0,5,13.0
7,137,1074,2021-03-06,57,0,9,90.0
7,164,1191,2021-06-29,57,0,6,60.0
4,378,1511,2021-11-06,57,0,11,110.0
2,342,1577,2021-06-19,57,1,10,100.0
1,14,2040,2021-06-26,57,1,8,80.0
5,139,1118,2021-08-06,8,0,6,119.94
5,73,1416,2021-06-16,8,1,11,219.89
7,40,1597,2021-11-06,8,0,10,199.89999999999998
3,284,1674,2021-06-29,8,0,2,39.98
1,351,1736,2021-06-30,8,1,7,139.92999999999998
1,334,1152,2021-06-16,36,0,9,2380.14
4,202,1298,2021-06-25,36,0,10,2644.6
1,50,1754,2021-06-20,36,0,1,264.46
5,138,1832,2021-06-29,36,0,4,1057.84
5,94,1884,2021-03-06,36,0,4,1057.84
4,21,2157,2021-01-06,36,0,7,1851.2199999999998
5,298,2165,2021-06-21,36,0,10,2644.6
7,137,1074,2021-03-06,42,0,2,1125.8
1,235,1321,2021-06-26,42,0,3,1688.6999999999998
7,213,1601,2021-11-06,42,0,8,4503.2
3,55,1849,2021-04-06,42,0,11,6191.9
3,20,1327,2021-01-06,33,0,3,1392.8700000000001
5,73,1416,2021-06-16,33,1,2,928.58
5,138,1832,2021-06-29,33,0,7,3250.03
2,314,2089,2021-06-22,33,0,2,928.58
4,21,2157,2021-01-06,33,0,10,4642.900000000001
5,9,1377,2021-06-22,51,0,11,1378.6299999999999
2,80,1599,2021-11-06,51,1,10,1253.3
6,113,1685,2021-02-06,51,1,1,125.33
2,51,1693,2021-06-26,51,0,1,125.33
7,17,1160,2021-06-20,48,0,10,6053.9
5,92,1442,2021-12-06,48,1,9,5448.51
5,76,1783,2021-06-15,48,0,3,1816.17
4,31,1958,2021-03-06,48,1,5,3026.95
1,334,1152,2021-06-16,18,0,1,897.65
6,288,1405,2021-12-06,18,0,5,4488.25
1,50,1754,2021-06-20,18,0,10,8976.5
4,12,1773,2021-06-26,18,0,7,6283.55
1,114,2152,2021-02-06,18,1,6,5385.9
5,298,2165,2021-06-21,18,0,1,897.65
1,208,1296,2021-06-25,12,0,9,941.22
3,377,1331,2021-11-06,12,0,8,836.64
5,76,1783,2021-06-15,12,0,7,732.06
1,338,1819,2021-06-26,12,1,6,627.48
2,159,2159,2021-08-06,12,1,9,941.22
7,336,2169,2021-06-17,12,1,11,1150.3799999999999
7,17,1160,2021-06-20,56,0,9,51.21
6,338,1380,2021-06-17,56,1,2,11.38
5,28,1532,2021-02-06,56,1,5,28.450000000000003
5,115,1833,2021-06-29,56,1,5,28.450000000000003
1,114,2152,2021-02-06,56,1,9,51.21
2,365,1116,2021-08-06,1,1,8,26.64
3,310,1149,2021-06-20,1,0,3,9.99
5,320,1153,2021-06-16,1,0,6,19.98
5,285,1240,2021-12-06,1,0,11,36.63
7,57,1675,2021-06-29,1,1,11,36.63
1,230,2010,2021-06-16,1,1,3,9.99
2,159,2159,2021-08-06,1,1,4,13.32
5,252,1091,2021-06-30,55,0,3,8.07
6,127,1403,2021-12-06,55,0,2,5.38
1,338,1819,2021-06-26,55,1,11,29.59
6,340,1907,2021-06-18,55,0,4,10.76
7,309,1328,2021-10-06,60,0,1,4.5
6,41,1378,2021-06-17,60,1,11,49.5
2,342,1577,2021-06-19,60,1,5,22.5
2,352,1734,2021-06-30,60,0,6,27.0
6,340,1907,2021-06-18,60,0,2,9.0
3,200,1080,2021-08-06,32,0,2,11.0
6,338,1380,2021-06-17,32,1,4,22.0
6,30,1447,2021-04-06,32,1,10,55.0
6,341,1578,2021-06-19,32,0,3,16.5
1,19,1690,2021-01-06,32,1,8,44.0
5,272,1818,2021-06-30,32,0,7,38.5
3,55,1849,2021-04-06,32,0,10,55.0
5,94,1884,2021-03-06,32,0,6,33.0
4,18,2143,2021-01-06,32,0,6,33.0
3,27,2158,2021-08-06,32,0,4,22.0
1,168,1154,2021-06-16,43,0,1,2.69
4,128,1234,2021-06-20,43,1,10,26.9
1,208,1296,2021-06-25,43,0,3,8.07
5,160,1574,2021-06-24,43,0,1,2.69
2,80,1599,2021-11-06,43,1,4,10.76
6,170,1954,2021-03-06,43,1,4,10.76
1,63,1099,2021-10-06,19,0,5,24.35
5,139,1118,2021-08-06,19,0,7,34.09
1,199,1241,2021-12-06,19,0,10,48.7
3,172,1251,2021-11-06,19,0,2,9.74
6,288,1405,2021-12-06,19,0,5,24.35
4,321,1425,2021-06-22,19,1,7,34.09
2,226,1676,2021-06-29,19,0,11,53.57
3,281,1764,2021-09-06,19,0,5,24.35
4,179,1784,2021-06-15,19,0,7,34.09
7,132,1820,2021-06-26,19,0,9,43.83
7,138,1831,2021-06-29,19,1,11,53.57
6,340,1907,2021-06-18,19,0,10,48.7
2,175,2088,2021-06-13,19,1,4,19.48
2,375,2090,2021-10-06,19,0,6,29.22
7,336,2169,2021-06-17,19,1,10,48.7
5,139,1118,2021-08-06,30,0,2,19.98
3,332,1151,2021-06-16,30,0,3,29.97
6,288,1405,2021-12-06,30,0,7,69.93
2,206,1573,2021-06-24,30,0,5,49.95
3,339,1638,2021-06-18,30,1,11,109.89
1,50,1754,2021-06-20,30,0,1,9.99
2,166,1852,2021-03-06,30,1,11,109.89
6,340,1907,2021-06-18,30,0,6,59.94
6,236,2056,2021-06-19,30,1,2,19.98
2,53,1066,2021-06-17,16,1,4,31.2
3,228,1122,2021-06-15,16,1,5,39.0
1,334,1152,2021-06-16,16,0,5,39.0
1,81,1186,2021-04-06,16,0,1,7.8
5,344,1245,2021-06-24,16,0,10,78.0
3,97,1297,2021-06-25,16,0,6,46.8
1,374,1766,2021-10-06,16,1,5,39.0
7,184,1158,2021-06-26,35,0,3,7.949999999999999
1,81,1186,2021-04-06,35,0,7,18.55
3,180,1324,2021-06-16,35,0,6,15.899999999999999
6,127,1403,2021-12-06,35,0,2,5.3
6,113,1685,2021-02-06,35,1,5,13.25
1,19,1690,2021-01-06,35,1,10,26.5
2,244,2042,2021-06-26,35,1,4,10.6
3,243,1333,2021-11-06,31,1,9,22.95
5,151,1376,2021-06-19,31,1,10,25.5
4,330,1443,2021-06-15,31,0,11,28.049999999999997
4,371,1502,2021-10-06,31,0,10,25.5
7,213,1601,2021-11-06,31,0,4,10.2
3,55,1849,2021-04-06,31,0,1,2.55
6,127,1403,2021-12-06,53,0,7,18.55
2,273,1424,2021-06-22,53,0,1,2.65
7,57,1675,2021-06-29,53,1,11,29.15
2,51,1693,2021-06-26,53,0,1,2.65
2,169,1951,2021-03-06,53,1,2,5.3
6,41,1378,2021-06-17,24,1,4,11.2
4,378,1511,2021-11-06,24,0,8,22.4
3,16,1549,2021-06-06,24,0,7,19.599999999999998
5,346,1608,2021-06-25,24,1,9,25.2
3,281,1106,2021-06-29,25,0,6,23.82
7,309,1328,2021-10-06,25,0,8,31.76
6,335,1414,2021-06-16,25,0,8,31.76
5,346,1608,2021-06-25,25,1,1,3.97
7,24,1689,2021-08-06,25,0,9,35.730000000000004
1,338,1819,2021-06-26,25,1,4,15.88
6,170,1954,2021-03-06,25,1,1,3.97
5,28,2011,2021-06-16,25,0,4,15.88
4,18,2143,2021-01-06,25,0,4,15.88
2,159,2159,2021-08-06,25,1,1,3.97
1,63,1099,2021-10-06,39,0,8,38.96
5,112,1216,2021-02-06,39,0,9,43.83
3,377,1331,2021-11-06,39,0,10,48.7
4,10,1402,2021-12-06,39,0,8,38.96
5,73,1416,2021-06-16,39,1,6,29.22
2,341,1520,2021-06-29,39,0,9,43.83
5,17,1692,2021-01-06,39,1,1,4.87
5,76,1783,2021-06-15,39,0,7,34.09
6,171,1949,2021-03-06,39,0,3,14.61
1,312,2039,2021-06-26,39,0,5,24.35
1,114,2152,2021-02-06,39,1,3,14.61
1,81,1186,2021-04-06,26,0,2,10.34
5,73,1416,2021-06-16,26,1,4,20.68
2,273,1424,2021-06-22,26,0,6,31.02
6,251,1598,2021-11-06,26,0,6,31.02
5,94,1884,2021-03-06,26,0,7,36.19
6,340,1907,2021-06-18,26,0,2,10.34
3,228,1122,2021-06-15,27,1,8,45.36
6,288,1405,2021-12-06,27,0,3,17.009999999999998
6,30,1447,2021-04-06,27,1,7,39.69
5,333,1649,2021-06-16,27,0,11,62.37
1,312,2039,2021-06-26,27,0,6,34.019999999999996
3,27,2158,2021-08-06,27,0,4,22.68
4,191,1246,2021-06-24,28,1,10,59.900000000000006
7,309,1328,2021-10-06,28,0,1,5.99
6,127,1403,2021-12-06,28,0,2,11.98
3,347,1521,2021-06-26,28,0,1,5.99
5,249,1550,2021-06-06,28,1,5,29.950000000000003
2,22,1691,2021-01-06,28,0,10,59.900000000000006
1,374,1766,2021-10-06,28,1,2,11.98
5,272,1818,2021-06-30,28,0,11,65.89
1,11,2087,2021-10-06,28,0,3,17.97
5,249,1550,2021-06-06,3,1,2,12.9
2,22,1691,2021-01-06,3,0,3,19.35
1,50,1754,2021-06-20,3,0,8,51.6
7,184,1158,2021-06-26,46,0,8,52.16
3,65,1162,2021-06-26,46,0,7,45.64
1,208,1296,2021-06-25,46,0,8,52.16
6,127,1403,2021-12-06,46,0,3,19.56
2,273,1424,2021-06-22,46,0,4,26.08
1,342,1765,2021-10-06,46,0,3,19.56
7,138,1831,2021-06-29,46,1,3,19.56
5,86,2151,2021-06-13,46,1,10,65.19999999999999
6,175,1161,2021-06-26,29,0,1,6.89
5,73,1416,2021-06-16,29,1,9,62.01
2,101,1792,2021-12-06,29,1,1,6.89
1,338,1819,2021-06-26,29,1,7,48.23
6,198,1185,2021-04-06,4,0,8,57.12
1,208,1296,2021-06-25,4,0,3,21.419999999999998
3,20,1327,2021-01-06,4,0,9,64.25999999999999
3,243,1333,2021-11-06,4,1,7,49.98
4,10,1402,2021-12-06,4,0,1,7.14
1,338,1819,2021-06-26,4,1,10,71.39999999999999
2,235,2167,2021-06-21,4,0,5,35.699999999999996
2,283,1150,2021-06-20,47,0,6,45.0
5,320,1153,2021-06-16,47,0,4,30.0
3,65,1162,2021-06-26,47,0,1,7.5
6,335,1414,2021-06-16,47,0,5,37.5
6,341,1578,2021-06-19,47,0,6,45.0
5,333,1649,2021-06-16,47,0,3,22.5
4,179,1784,2021-06-15,47,0,7,52.5
5,25,1891,2021-06-27,47,0,11,82.5
2,159,2159,2021-08-06,47,1,4,30.0
5,139,1118,2021-08-06,54,0,7,54.6
5,226,1121,2021-09-06,54,0,9,70.2
3,105,1181,2021-06-17,54,0,9,70.2
6,349,1192,2021-06-29,54,0,10,78.0
5,151,1376,2021-06-19,54,1,7,54.6
5,28,1532,2021-02-06,54,1,1,7.8
6,341,1578,2021-06-19,54,0,6,46.8
6,301,1637,2021-06-18,54,0,10,78.0
2,235,2167,2021-06-21,54,0,8,62.4
2,226,1676,2021-06-29,50,0,11,87.89
2,101,1792,2021-12-06,50,1,8,63.92
2,175,2088,2021-06-13,50,1,1,7.99
3,20,1327,2021-01-06,2,0,4,173.04
3,243,1333,2021-11-06,2,1,1,43.26
6,127,1403,2021-12-06,2,0,6,259.56
3,303,1600,2021-11-06,2,0,6,259.56
6,236,2056,2021-06-19,2,1,3,129.78
1,51,2166,2021-06-21,2,0,1,43.26
5,226,1121,2021-09-06,11,0,9,809.73
6,191,1389,2021-06-30,11,0,4,359.88
5,92,1442,2021-12-06,11,1,5,449.85
3,303,1600,2021-11-06,11,0,10,899.7
1,351,1736,2021-06-30,11,1,4,359.88
4,12,1773,2021-06-26,11,0,8,719.76
1,11,2087,2021-10-06,11,0,7,629.79
5,320,1153,2021-06-16,38,0,5,29.950000000000003
7,184,1158,2021-06-26,38,0,6,35.94
5,285,1240,2021-12-06,38,0,4,23.96
4,191,1246,2021-06-24,38,1,8,47.92
1,19,1690,2021-01-06,38,1,8,47.92
4,370,2122,2021-08-06,38,1,9,53.910000000000004
2,365,1116,2021-08-06,9,1,2,39.88
1,334,1152,2021-06-16,9,0,2,39.88
1,235,1321,2021-06-26,9,0,6,119.64000000000001
4,111,1332,2021-11-06,9,1,7,139.58
7,213,1601,2021-11-06,9,0,7,139.58
5,17,1692,2021-01-06,9,1,5,99.7
4,370,2122,2021-08-06,9,1,7,139.58
3,65,1162,2021-06-26,34,0,3,137.67000000000002
7,337,1182,2021-06-17,34,1,10,458.9
3,97,1297,2021-06-25,34,0,4,183.56
1,377,1334,2021-11-06,34,0,2,91.78
6,251,1598,2021-11-06,34,0,10,458.9
7,315,1640,2021-10-06,34,0,2,91.78
2,305,1663,2021-06-24,34,1,7,321.23
1,19,1690,2021-01-06,34,1,3,137.67000000000002
2,352,1734,2021-06-30,34,0,5,229.45
7,138,1831,2021-06-29,34,1,7,321.23
3,55,1849,2021-04-06,34,0,8,367.12
1,230,2010,2021-06-16,34,1,4,183.56
3,343,2057,2021-06-19,34,0,5,229.45
5,92,1442,2021-12-06,23,1,6,1012.56
3,348,1451,2021-06-27,23,0,11,1856.36
2,80,1599,2021-11-06,23,1,9,1518.84
4,12,1773,2021-06-26,23,0,10,1687.6
4,290,1983,2021-06-17,23,0,3,506.28
1,18,2168,2021-06-17,23,0,10,1687.6
1,248,1115,2021-06-19,20,1,1,65.49
3,29,1237,2021-06-13,20,0,1,65.49
4,321,1425,2021-06-22,20,1,6,392.93999999999994
5,333,1649,2021-06-16,20,0,10,654.9
3,284,1674,2021-06-29,20,0,7,458.42999999999995
1,123,1739,2021-10-06,20,0,1,65.49
5,272,1818,2021-06-30,20,0,2,130.98
2,244,2042,2021-06-26,20,1,6,392.93999999999994
1,51,2166,2021-06-21,20,0,1,65.49
7,164,1191,2021-06-29,17,0,2,259.98
3,248,1206,2021-04-06,17,0,4,519.96
4,378,1511,2021-11-06,17,0,3,389.97
5,249,1550,2021-06-06,17,1,9,1169.91
6,301,1637,2021-06-18,17,0,2,259.98
2,342,1577,2021-06-19,37,1,2,158.92
2,80,1599,2021-11-06,37,1,9,715.14
3,55,1849,2021-04-06,37,0,4,317.84
6,170,1954,2021-03-06,37,1,4,317.84
4,21,2157,2021-01-06,37,0,10,794.5999999999999
1,51,2166,2021-06-21,37,0,11,874.06
2,186,1119,2021-09-06,52,0,3,46.92
3,231,1239,2021-06-13,52,1,4,62.56
2,341,1520,2021-06-29,52,0,8,125.12
3,339,1638,2021-06-18,52,1,2,31.28
5,168,1948,2021-03-06,52,0,2,31.28
5,307,2055,2021-06-15,52,0,11,172.04000000000002
2,53,1066,2021-06-17,6,1,1,86.99
1,334,1152,2021-06-16,6,0,1,86.99
5,151,1376,2021-06-19,6,1,3,260.96999999999997
1,351,1736,2021-06-30,6,1,6,521.9399999999999
1,50,1754,2021-06-20,6,0,1,86.99
5,92,1850,2021-04-06,6,1,3,260.96999999999997
6,349,1192,2021-06-29,13,0,11,3926.8900000000003
4,321,1425,2021-06-22,13,1,3,1070.97
1,331,1673,2021-06-29,13,1,10,3569.9
2,350,1735,2021-06-30,13,0,6,2141.94
5,86,2151,2021-06-13,13,1,9,3212.91
1,51,2166,2021-06-21,13,0,8,2855.92
6,198,1185,2021-04-06,40,0,4,1838.68
6,335,1414,2021-06-16,40,0,9,4137.03
5,28,1532,2021-02-06,40,1,4,1838.68
6,340,1907,2021-06-18,40,0,6,2758.02
2,161,2041,2021-06-26,40,0,11,5056.37
6,313,1120,2021-09-06,58,1,8,3610.16
1,333,1233,2021-06-20,58,0,4,1805.08
3,172,1251,2021-11-06,58,0,4,1805.08
1,272,1388,2021-06-30,58,0,2,902.54
1,50,1754,2021-06-20,58,0,10,4512.7
2,166,1852,2021-03-06,58,1,10,4512.7
7,167,1955,2021-03-06,58,1,8,3610.16
6,236,2056,2021-06-19,58,1,4,1805.08
6,105,1215,2021-02-06,41,1,2,595.0
7,138,1831,2021-06-29,41,1,10,2975.0
1,334,1152,2021-06-16,15,0,8,3180.32
6,108,1163,2021-06-26,15,0,1,397.54
1,328,1257,2021-06-21,15,1,9,3577.86
1,208,1296,2021-06-25,15,0,11,4372.9400000000005
4,111,1332,2021-11-06,15,1,10,3975.4
5,272,1818,2021-06-30,15,0,3,1192.6200000000001
5,94,1884,2021-03-06,15,0,9,3577.86
5,320,1153,2021-06-16,49,0,4,2630.2
3,187,1379,2021-06-17,49,1,3,1972.6499999999999
6,30,1447,2021-04-06,49,1,2,1315.1
7,247,1488,2021-04-06,49,1,9,5917.95
2,51,1693,2021-06-26,49,0,4,2630.2
4,12,1773,2021-06-26,49,0,10,6575.5
3,224,1092,2021-06-24,45,0,3,2428.68
5,345,1572,2021-06-24,45,1,1,809.56
4,143,1576,2021-06-19,45,1,4,3238.24
3,339,1638,2021-06-18,45,1,10,8095.599999999999
7,57,1675,2021-06-29,45,1,5,4047.7999999999997
2,175,2088,2021-06-13,45,1,9,7286.039999999999
2,67,1284,2021-03-07,7,0,7,420.49
6,58,1285,2021-03-07,7,0,3,180.21
4,106,1316,2021-07-28,7,0,11,660.77
2,350,1336,2021-07-20,7,0,5,300.35
2,129,1386,2021-07-16,7,1,4,240.28
6,319,1626,2021-07-23,7,0,5,300.35
1,254,1756,2021-07-27,7,0,5,300.35
6,1,1795,2021-07-15,7,1,10,600.7
5,114,2053,2021-07-21,7,0,9,540.63
6,317,1084,2021-08-07,5,1,4,151.0
5,348,1826,2021-07-17,5,0,9,339.75
4,130,1829,2021-07-31,5,1,7,264.25
1,271,1975,2021-07-21,5,0,1,37.75
1,7,1977,2021-07-21,5,0,8,302.0
7,71,2115,2021-07-14,5,0,1,37.75
2,137,1113,2021-07-21,10,1,2,193.64
2,67,1284,2021-03-07,10,0,8,774.56
3,34,1560,2021-07-18,10,0,8,774.56
1,150,1561,2021-07-18,10,1,6,580.92
2,358,1713,2021-07-21,10,0,7,677.74
7,213,1715,2021-07-21,10,0,10,968.1999999999999
1,254,1756,2021-07-27,10,0,1,96.82
5,348,1826,2021-07-17,10,0,7,677.74
7,171,1978,2021-07-21,10,0,7,677.74
3,300,2005,2021-07-31,10,1,5,484.09999999999997
2,175,1262,2021-03-07,22,0,9,389.61
4,130,1829,2021-07-31,22,1,4,173.16
2,8,1853,2021-07-07,22,0,8,346.32
5,293,2033,2021-07-24,22,0,11,476.19
7,343,2171,2021-07-25,22,0,2,86.58
3,38,1446,2021-10-07,14,1,10,208.70000000000002
1,253,1483,2021-10-07,14,0,6,125.22
4,287,1828,2021-07-17,14,0,1,20.87
7,343,2171,2021-07-25,14,0,3,62.61
3,183,1387,2021-09-07,59,0,10,156.9
3,183,1892,2021-03-07,59,0,8,125.52
5,114,2053,2021-07-21,59,0,7,109.83
1,1,1110,2021-07-30,44,0,10,88.0
1,253,1483,2021-10-07,44,0,2,17.6
7,213,1715,2021-07-21,44,0,5,44.0
1,254,1756,2021-07-27,44,0,9,79.2
6,40,1064,2021-07-16,21,0,8,20.8
2,42,1071,2021-06-07,21,1,6,15.600000000000001
4,176,1210,2021-03-07,21,0,3,7.800000000000001
1,108,1322,2021-09-07,21,0,6,15.600000000000001
6,59,1437,2021-07-25,21,1,2,5.2
1,253,1483,2021-10-07,21,0,8,20.8
4,288,1603,2021-05-07,21,0,1,2.6
1,331,1627,2021-07-23,21,0,4,10.4
6,302,1757,2021-07-27,21,0,1,2.6
3,183,1892,2021-03-07,21,0,8,20.8
4,313,2017,2021-07-25,21,0,6,15.600000000000001
1,100,2050,2021-07-18,21,0,8,20.8
7,257,1338,2021-07-20,57,1,10,100.0
2,129,1386,2021-07-16,57,1,4,40.0
6,156,1642,2021-07-17,57,1,6,60.0
7,152,1720,2021-07-29,57,0,8,80.0
3,248,1827,2021-07-17,57,0,5,50.0
2,8,1853,2021-07-07,57,0,5,50.0
6,222,2007,2021-07-21,57,0,7,70.0
4,204,1136,2021-07-23,8,1,10,199.89999999999998
7,179,1509,2021-03-07,8,0,5,99.94999999999999
3,336,1855,2021-07-07,8,0,6,119.94
6,230,1980,2021-07-21,8,1,6,119.94
6,359,2126,2021-07-14,8,0,1,19.99
3,180,1255,2021-08-07,36,0,3,793.3799999999999
3,183,1387,2021-09-07,36,0,1,264.46
3,248,1827,2021-07-17,36,0,8,2115.68
1,271,1975,2021-07-21,36,0,10,2644.6
4,129,2114,2021-07-14,36,1,9,2380.14
5,148,1184,2021-09-07,42,0,5,2814.5
3,253,1318,2021-07-31,42,0,8,4503.2
5,352,1340,2021-07-20,42,1,9,5066.099999999999
6,59,1437,2021-07-25,42,1,1,562.9
4,365,1489,2021-07-22,42,0,8,4503.2
3,234,1825,2021-07-17,42,1,8,4503.2
4,208,1887,2021-09-07,42,1,5,2814.5
6,140,2018,2021-07-25,42,1,3,1688.6999999999998
1,178,2117,2021-07-14,42,0,11,6191.9
6,174,2163,2021-03-07,42,0,3,1688.6999999999998
4,204,1136,2021-07-23,33,1,10,4642.900000000001
1,157,1337,2021-07-20,33,0,11,5107.1900000000005
2,302,1339,2021-07-20,33,0,10,4642.900000000001
6,140,2018,2021-07-25,33,1,4,1857.16
4,367,2153,2021-07-30,33,0,4,1857.16
4,204,1136,2021-07-23,51,1,9,1127.97
7,179,1509,2021-03-07,51,0,9,1127.97
4,351,1717,2021-07-29,51,1,5,626.65
7,259,1604,2021-05-07,48,0,9,5448.51
2,287,1605,2021-05-07,48,0,4,2421.56
4,268,1796,2021-07-15,48,1,6,3632.34
2,362,1889,2021-09-07,48,1,3,1816.17
3,183,1892,2021-03-07,48,0,9,5448.51
1,303,2116,2021-07-14,48,0,1,605.39
3,166,1086,2021-08-07,18,0,4,3590.6
3,253,1318,2021-07-31,18,0,1,897.65
6,177,1517,2021-03-07,18,0,7,6283.55
2,358,1713,2021-07-21,18,0,11,9874.15
3,300,2005,2021-07-31,18,1,8,7181.2
3,71,2006,2021-07-21,18,0,5,4488.25
5,114,2053,2021-07-21,18,0,10,8976.5
7,223,2147,2021-07-15,18,1,5,4488.25
6,174,2163,2021-03-07,18,0,2,1795.3
3,38,1446,2021-10-07,12,1,3,313.74
1,129,1490,2021-08-07,12,0,6,627.48
6,302,1757,2021-07-27,12,0,7,732.06
3,336,1855,2021-07-07,12,0,8,836.64
4,208,1887,2021-09-07,12,1,9,941.22
6,370,1888,2021-09-07,12,0,9,941.22
1,43,1085,2021-08-07,56,0,1,5.69
1,313,1107,2021-07-20,56,1,2,11.38
7,239,1254,2021-08-07,56,0,4,22.76
4,26,1267,2021-07-29,56,1,11,62.59
2,239,1304,2021-07-15,56,0,4,22.76
2,278,1558,2021-07-18,56,0,1,5.69
3,364,1714,2021-07-21,56,0,8,45.52
4,208,1887,2021-09-07,56,1,1,5.69
5,72,2113,2021-07-14,56,1,1,5.69
1,225,2125,2021-07-14,56,1,11,62.59
2,90,2148,2021-02-07,56,0,8,45.52
3,358,1869,2021-07-13,1,0,2,6.66
4,267,1979,2021-07-21,1,0,6,19.98
4,89,2127,2021-07-14,1,1,2,6.66
5,148,1184,2021-09-07,55,0,8,21.52
4,360,1269,2021-07-29,55,0,5,13.45
6,181,1508,2021-03-07,55,0,1,2.69
4,16,1530,2021-03-07,55,0,1,2.69
3,234,1825,2021-07-17,55,1,6,16.14
1,157,1337,2021-07-20,60,0,3,13.5
1,178,1529,2021-03-07,60,0,9,40.5
5,143,1609,2021-07-21,60,0,4,18.0
2,148,1645,2021-08-07,60,0,11,49.5
1,254,1756,2021-07-27,60,0,2,9.0
6,302,1757,2021-07-27,60,0,9,40.5
3,248,1827,2021-07-17,60,0,8,36.0
1,327,2051,2021-07-18,60,0,7,31.5
1,225,2125,2021-07-14,60,1,7,31.5
3,197,2128,2021-07-14,60,0,5,22.5
1,301,1793,2021-07-15,32,0,5,27.5
7,368,1940,2021-07-31,32,0,8,44.0
4,267,1979,2021-07-21,32,0,8,44.0
6,140,2018,2021-07-25,32,1,6,33.0
1,303,2116,2021-07-14,32,0,2,11.0
1,225,2125,2021-07-14,32,1,11,60.5
4,115,2149,2021-02-07,32,0,8,44.0
3,343,1303,2021-07-15,43,0,3,8.07
3,34,1560,2021-07-18,43,0,4,10.76
1,150,1561,2021-07-18,43,1,5,13.45
4,273,1644,2021-07-17,43,0,9,24.21
6,1,1795,2021-07-15,43,1,9,24.21
2,350,1854,2021-07-07,43,1,1,2.69
4,347,1857,2021-07-07,43,1,5,13.45
6,252,2049,2021-07-18,43,1,9,24.21
4,115,2149,2021-02-07,43,0,5,13.45
2,350,1336,2021-07-20,19,0,10,48.7
4,16,1530,2021-03-07,19,0,6,29.22
4,60,1652,2021-07-17,19,0,7,34.09
7,135,1315,2021-07-28,30,0,5,49.95
7,152,1720,2021-07-29,30,0,9,89.91
4,268,1796,2021-07-15,30,1,7,69.93
7,52,1797,2021-07-15,30,1,7,69.93
4,129,2114,2021-07-14,30,1,3,29.97
6,80,1072,2021-06-07,16,0,9,70.2
2,34,1317,2021-07-28,16,0,1,7.8
4,288,1603,2021-05-07,16,0,4,31.2
6,230,1980,2021-07-21,16,1,3,23.4
6,222,2007,2021-07-21,16,0,6,46.8
1,178,2117,2021-07-14,16,0,11,85.8
1,108,1322,2021-09-07,35,0,10,26.5
3,38,1446,2021-10-07,35,1,7,18.55
3,248,1827,2021-07-17,35,0,7,18.55
3,336,1855,2021-07-07,35,0,6,15.899999999999999
6,222,2007,2021-07-21,35,0,7,18.55
7,71,2115,2021-07-14,35,0,7,18.55
6,360,2119,2021-07-14,35,1,9,23.849999999999998
6,95,1320,2021-07-29,31,0,3,7.6499999999999995
7,180,1360,2021-03-07,31,1,4,10.2
4,16,1530,2021-03-07,31,0,9,22.95
2,366,1582,2021-07-27,31,0,10,25.5
4,268,1796,2021-07-15,31,1,11,28.049999999999997
4,287,1828,2021-07-17,31,0,9,22.95
4,287,2035,2021-07-29,31,0,5,12.75
5,361,2123,2021-07-14,31,0,6,15.299999999999999
6,80,1072,2021-06-07,53,0,1,2.65
5,148,1184,2021-09-07,53,0,11,29.15
7,135,1315,2021-07-28,53,0,1,2.65
3,299,1346,2021-07-07,53,0,1,2.65
1,253,1483,2021-10-07,53,0,9,23.849999999999998
6,110,1729,2021-07-25,53,1,10,26.5
3,234,1825,2021-07-17,53,1,6,15.899999999999999
5,114,2053,2021-07-21,53,0,4,10.6
3,197,2128,2021-07-14,53,0,4,10.6
2,350,1336,2021-07-20,24,0,2,5.6
4,273,1644,2021-07-17,24,0,4,11.2
1,379,1898,2021-11-07,24,0,1,2.8
7,368,1940,2021-07-31,24,0,6,16.799999999999997
7,171,1978,2021-07-21,24,0,7,19.599999999999998
4,267,1979,2021-07-21,24,0,7,19.599999999999998
7,76,2161,2021-07-21,24,1,10,28.0
4,130,1829,2021-07-31,25,1,8,31.76
2,310,1856,2021-07-07,25,1,9,35.730000000000004
5,181,2019,2021-07-25,25,1,3,11.91
6,360,2119,2021-07-14,25,1,10,39.7
7,76,2161,2021-07-21,25,1,5,19.85
5,23,1504,2021-01-07,39,0,7,34.09
6,177,1517,2021-03-07,39,0,7,34.09
4,287,1828,2021-07-17,39,0,10,48.7
2,342,1868,2021-07-13,39,0,10,48.7
3,166,1086,2021-08-07,26,0,8,41.36
2,106,1211,2021-03-07,26,1,5,25.85
4,360,1269,2021-07-29,26,0,4,20.68
3,364,1714,2021-07-21,26,0,1,5.17
4,130,1829,2021-07-31,26,1,6,31.02
2,187,1939,2021-07-31,26,1,5,25.85
6,363,1974,2021-07-21,26,0,3,15.51
1,178,2117,2021-07-14,26,0,1,5.17
1,362,2118,2021-07-14,26,0,7,36.19
4,204,1136,2021-07-23,27,1,8,45.36
3,54,1335,2021-07-20,27,0,8,45.36
5,352,1340,2021-07-20,27,1,5,28.35
4,347,1857,2021-07-07,27,1,9,51.03
5,181,2019,2021-07-25,27,1,6,34.019999999999996
5,72,2113,2021-07-14,27,1,4,22.68
6,360,2119,2021-07-14,27,1,9,51.03
4,365,1489,2021-07-22,28,0,3,17.97
2,24,1503,2021-01-07,28,0,4,23.96
5,66,1510,2021-03-07,28,0,2,11.98
4,182,1612,2021-03-07,28,0,10,59.900000000000006
6,319,1626,2021-07-23,28,0,10,59.900000000000006
1,357,1688,2021-07-13,28,0,1,5.99
6,1,1795,2021-07-15,28,1,2,11.98
1,327,2051,2021-07-18,28,0,5,29.950000000000003
6,317,1084,2021-08-07,3,1,6,38.7
7,135,1315,2021-07-28,3,0,3,19.35
2,302,1339,2021-07-20,3,0,4,25.8
4,288,1603,2021-05-07,3,0,9,58.050000000000004
3,234,1825,2021-07-17,3,1,5,32.25
4,115,2149,2021-02-07,3,0,5,32.25
5,353,1108,2021-07-20,46,0,11,71.72
2,137,1113,2021-07-21,46,1,8,52.16
2,239,1304,2021-07-15,46,0,10,65.19999999999999
1,150,1561,2021-07-18,46,1,1,6.52
1,303,2116,2021-07-14,46,0,10,65.19999999999999
4,89,2127,2021-07-14,46,1,11,71.72
2,372,1183,2021-09-07,29,0,5,34.449999999999996
4,176,1210,2021-03-07,29,0,10,68.89999999999999
7,135,1315,2021-07-28,29,0,2,13.78
7,279,1319,2021-07-29,29,0,3,20.669999999999998
6,156,1642,2021-07-17,29,1,9,62.01
2,310,1856,2021-07-07,29,1,4,27.56
3,71,2006,2021-07-21,29,0,4,27.56
3,283,2021,2021-07-25,29,1,6,41.339999999999996
4,115,2149,2021-02-07,29,0,1,6.89
6,95,1320,2021-07-29,4,0,7,49.98
3,299,1346,2021-07-07,4,0,4,28.56
4,184,1519,2021-03-07,4,0,10,71.39999999999999
1,301,1793,2021-07-15,4,0,11,78.53999999999999
7,343,2171,2021-07-25,4,0,3,21.419999999999998
2,175,1262,2021-03-07,47,0,8,60.0
4,26,1267,2021-07-29,47,1,2,15.0
7,173,1518,2021-03-07,47,0,5,37.5
2,278,1558,2021-07-18,47,0,1,7.5
4,288,1603,2021-05-07,47,0,7,52.5
3,364,1714,2021-07-21,47,0,9,67.5
4,268,1796,2021-07-15,47,1,8,60.0
1,346,1858,2021-07-07,47,0,10,75.0
1,100,2050,2021-07-18,47,0,8,60.0
3,197,2128,2021-07-14,47,0,8,60.0
2,90,2148,2021-02-07,47,0,10,75.0
6,221,1890,2021-09-07,54,0,3,23.4
4,313,2017,2021-07-25,54,0,3,23.4
1,124,1256,2021-08-07,50,1,6,47.94
2,67,1284,2021-03-07,50,0,2,15.98
7,279,1319,2021-07-29,50,0,9,71.91
1,157,1337,2021-07-20,50,0,3,23.97
4,144,1559,2021-07-18,50,0,2,15.98
6,363,1974,2021-07-21,50,0,8,63.92
3,71,2006,2021-07-21,50,0,6,47.94
7,101,2124,2021-07-14,50,1,7,55.93
2,42,1071,2021-06-07,2,1,7,302.82
1,1,1110,2021-07-30,2,0,10,432.59999999999997
7,135,1315,2021-07-28,2,0,7,302.82
3,263,1904,2021-07-23,2,1,8,346.08
6,360,2119,2021-07-14,2,1,3,129.78
2,200,2142,2021-07-30,2,0,1,43.26
7,369,1177,2021-09-07,11,0,5,449.85
4,130,1829,2021-07-31,11,1,11,989.67
7,171,1978,2021-07-21,11,0,10,899.7
2,59,2020,2021-07-25,11,0,3,269.90999999999997
2,34,1317,2021-07-28,38,0,8,47.92
3,183,1387,2021-09-07,38,0,11,65.89
6,47,1648,2021-08-07,38,0,10,59.900000000000006
4,354,2146,2021-07-15,38,0,3,17.97
2,67,1284,2021-03-07,9,0,6,119.64000000000001
5,352,1340,2021-07-20,9,1,7,139.58
6,177,1517,2021-03-07,9,0,2,39.88
3,364,1714,2021-07-21,9,0,5,99.7
4,287,1828,2021-07-17,9,0,10,199.4
4,267,1979,2021-07-21,9,0,3,59.82000000000001
3,190,2008,2021-07-21,9,0,1,19.94
4,176,1210,2021-03-07,34,0,4,183.56
5,66,1510,2021-03-07,34,0,2,91.78
3,183,1892,2021-03-07,34,0,10,458.9
2,59,2020,2021-07-25,34,0,3,137.67000000000002
7,135,1315,2021-07-28,23,0,10,1687.6
7,173,1518,2021-03-07,23,0,3,506.28
5,296,1557,2021-07-18,23,0,4,675.04
7,52,1797,2021-07-15,23,1,6,1012.56
3,248,1827,2021-07-17,23,0,7,1181.32
4,287,1828,2021-07-17,23,0,1,168.76
4,130,1829,2021-07-31,23,1,11,1856.36
7,203,2054,2021-07-21,23,0,7,1181.32
1,43,1085,2021-08-07,20,0,4,261.96
1,124,1256,2021-08-07,20,1,2,130.98
3,38,1446,2021-10-07,20,1,3,196.46999999999997
7,173,1518,2021-03-07,20,0,5,327.45
4,351,1717,2021-07-29,20,1,4,261.96
7,152,1720,2021-07-29,20,0,10,654.9
7,368,1940,2021-07-31,20,0,3,196.46999999999997
7,203,2054,2021-07-21,20,0,9,589.41
2,239,1304,2021-07-15,17,0,1,129.99
4,106,1316,2021-07-28,17,0,5,649.95
5,66,1510,2021-03-07,17,0,6,779.94
7,173,1518,2021-03-07,17,0,8,1039.92
2,148,1645,2021-08-07,17,0,5,649.95
7,32,1794,2021-07-15,17,1,10,1299.9
7,52,1797,2021-07-15,17,1,8,1039.92
1,362,2118,2021-07-14,17,0,8,1039.92
7,239,1254,2021-08-07,37,0,10,794.5999999999999
2,350,1854,2021-07-07,37,1,3,238.38
7,368,1940,2021-07-31,37,0,2,158.92
4,267,1979,2021-07-21,37,0,8,635.68
3,190,2008,2021-07-21,37,0,7,556.2199999999999
1,327,2051,2021-07-18,37,0,10,794.5999999999999
4,106,1316,2021-07-28,52,0,8,125.12
2,129,1386,2021-07-16,52,1,6,93.84
4,359,1417,2021-07-29,52,1,3,46.92
3,166,1086,2021-08-07,6,0,2,173.98
3,38,1446,2021-10-07,6,1,4,347.96
4,184,1519,2021-03-07,6,0,2,173.98
3,336,1855,2021-07-07,6,0,2,173.98
7,316,1875,2021-06-07,6,0,8,695.92
5,181,2019,2021-07-25,6,1,8,695.92
4,360,1269,2021-07-29,13,0,6,2141.94
4,16,1530,2021-03-07,13,0,2,713.98
2,287,1605,2021-05-07,13,0,11,3926.8900000000003
7,32,1794,2021-07-15,13,1,4,1427.96
3,300,2005,2021-07-31,13,1,7,2498.9300000000003
5,72,2113,2021-07-14,13,1,4,1427.96
3,68,1242,2021-11-07,40,0,10,4596.7
7,244,1543,2021-07-31,40,0,3,1379.01
4,9,1687,2021-07-13,40,0,1,459.67
4,130,1829,2021-07-31,40,1,5,2298.35
7,203,2054,2021-07-21,40,0,6,2758.02
2,233,1205,2021-07-07,58,0,10,4512.7
6,177,1517,2021-03-07,58,0,2,902.54
7,173,1518,2021-03-07,58,0,7,3158.89
6,370,1888,2021-09-07,58,0,10,4512.7
1,7,1977,2021-07-21,58,0,10,4512.7
4,354,2146,2021-07-15,58,0,7,3158.89
7,135,1315,2021-07-28,41,0,4,1190.0
1,331,1627,2021-07-23,41,0,11,3272.5
1,346,1858,2021-07-07,41,0,3,892.5
6,95,1320,2021-07-29,15,0,8,3180.32
3,54,1335,2021-07-20,15,0,7,2782.78
2,129,1386,2021-07-16,15,1,5,1987.7
4,41,1413,2021-11-07,15,0,7,2782.78
5,66,1510,2021-03-07,15,0,4,1590.16
3,289,1606,2021-05-07,15,0,7,2782.78
4,9,1687,2021-07-13,15,0,9,3577.86
7,279,1319,2021-07-29,49,0,3,1972.6499999999999
3,364,1714,2021-07-21,49,0,2,1315.1
4,287,1828,2021-07-17,49,0,6,3945.2999999999997
3,183,1892,2021-03-07,49,0,9,5917.95
2,372,1183,2021-09-07,45,0,5,4047.7999999999997
7,279,1319,2021-07-29,45,0,9,7286.039999999999
6,59,1437,2021-07-25,45,1,9,7286.039999999999
7,227,1486,2021-07-20,45,0,2,1619.12
3,34,1560,2021-07-18,45,0,2,1619.12
2,366,1582,2021-07-27,45,0,10,8095.599999999999
1,254,1756,2021-07-27,45,0,3,2428.68
4,354,2146,2021-07-15,45,0,5,4047.7999999999997
